,Date,DSP Company,Domain/Bundle,Country,Traffic Type,Width,Height,DSP Spend,Impressions
0,02/02/2020,Cheetah,1369521645,USA,banner,300.0,250.0,68.93715062621,86032
1,02/04/2020,Chocolate,com.baiwang.instasquare,USA,video,320.0,480.0,45.208104260731,7757
2,02/08/2020,Cheetah,922488002,USA,banner,320.0,480.0,40.241082039778,33170
3,02/05/2020,Chocolate,com.baiwang.instasquare,USA,video,320.0,480.0,31.388657803182,5484
4,02/02/2020,Cheetah,1369521645,USA,banner,320.0,50.0,30.033386784984003,21898
5,02/07/2020,Cheetah,com.xprodev.cutcam,USA,banner,320.0,480.0,28.735516414396,28287
6,02/02/2020,Cheetah,1369521645,USA,banner,300.0,250.0,28.148362050560998,34321
7,02/03/2020,Cheetah,1207472156,USA,banner,320.0,50.0,27.967456507031002,34241
8,02/04/2020,Cheetah,1207472156,USA,banner,320.0,50.0,24.854619295524998,30605
9,02/06/2020,Cheetah,com.imangi.templerun2,USA,banner,320.0,480.0,20.680583882844,22635
10,02/02/2020,Cheetah,1369521645,USA,banner,300.0,250.0,17.930932521253,19168
11,02/05/2020,Cheetah,1207472156,USA,banner,320.0,50.0,16.537853304252998,18274
12,02/02/2020,Cheetah,1207472156,USA,banner,320.0,50.0,16.149129033089,19357
13,02/05/2020,Cheetah,479280326,USA,banner,300.0,250.0,15.473696231958,27714
14,02/04/2020,mobiexchanger,1207472156,USA,banner,320.0,50.0,15.055884616275,23261
15,02/04/2020,Cheetah,com.bitofgame.trialanderrorhalloween,USA,banner,320.0,480.0,14.856072147959,6788
16,02/02/2020,Cheetah,1369521645,USA,banner,320.0,50.0,14.416695156352999,12136
17,02/02/2020,Cheetah,1443190579,USA,banner,320.0,480.0,14.349115568912001,14992
18,02/03/2020,Cheetah,1207472156,USA,banner,320.0,50.0,14.184826338285001,17429
19,02/03/2020,mobiexchanger,1207472156,USA,banner,320.0,50.0,12.663232435734,19509
20,02/02/2020,Cheetah,1369521645,USA,banner,320.0,50.0,12.530697587412,9275
21,02/03/2020,Cheetah,1369521645,USA,banner,300.0,250.0,12.294708788248998,18897
22,02/07/2020,Cheetah,com.nfl.fantasy.core.android,USA,banner,320.0,480.0,11.929451325093,11224
23,02/05/2020,Decenterads,net.noonplayer,IND,native,0.0,0.0,11.657070473739,20539
24,02/03/2020,Cheetah,1207472156,USA,banner,300.0,250.0,11.481290812866002,15450
25,02/06/2020,Cheetah,1207472156,USA,banner,320.0,50.0,11.363024875725,13400
26,02/06/2020,Cheetah,1369521645,USA,banner,300.0,250.0,10.570406265324,13025
27,02/04/2020,Cheetah,1207472156,USA,banner,320.0,50.0,10.454596713185001,12647
28,02/06/2020,Cheetah,1207472156,USA,banner,320.0,50.0,10.19710161371,11615
29,02/02/2020,Cheetah,1207472156,USA,banner,300.0,250.0,9.6995379213186,12745
30,02/07/2020,Cheetah,1369521645,USA,banner,300.0,250.0,9.389200188336,12702
31,02/04/2020,Cheetah,1207472156,USA,banner,300.0,250.0,9.2279909896315,12654
32,02/04/2020,Cheetah,com.omgpop.dstfree,USA,banner,320.0,480.0,9.2248225469957,9588
33,02/05/2020,Cheetah,1207472156,USA,banner,320.0,50.0,9.1097165348183,9828
34,02/02/2020,Cheetah,1186298215,USA,banner,300.0,250.0,8.7699467080238,16861
35,02/04/2020,Cheetah,331786748,USA,banner,300.0,250.0,8.573277059535,12280
36,02/05/2020,Cheetah,479280326,USA,banner,320.0,50.0,8.5374302768323,15773
37,02/05/2020,Cheetah,1207472156,USA,banner,300.0,250.0,8.3642664203217,10241
38,02/06/2020,Cheetah,1369521645,USA,banner,320.0,50.0,8.3353300851741,10869
39,02/03/2020,Cheetah,air.com.tectum.sudoku,USA,banner,320.0,480.0,8.2143155028461,6564
40,02/03/2020,Chocolate,com.easybrain.sudoku.android,USA,video,768.0,1024.0,8.1997384808492,1699
41,02/04/2020,Cheetah,1207472156,USA,banner,320.0,50.0,8.109035319663201,9911
42,02/02/2020,Cheetah,1207472156,USA,banner,320.0,50.0,8.080615671846301,9633
43,02/03/2020,Cheetah,1207472156,USA,banner,300.0,250.0,8.0549787871132,10868
44,02/02/2020,Chocolate,com.iposedon.bricksbreakerballs,USA,video,320.0,480.0,7.8306682358962,2019
45,02/02/2020,Cheetah,1369521645,USA,banner,300.0,250.0,7.7319714253535,9210
46,02/03/2020,Cheetah,1207472156,USA,banner,320.0,50.0,7.596557747136099,9293
47,02/05/2020,Cheetah,479280326,USA,banner,300.0,250.0,7.5428695789888,14466
48,02/03/2020,Cheetah,1369521645,USA,banner,320.0,50.0,7.3474809120235,9093
49,02/02/2020,Cheetah,com.northpark.drinkwater,USA,banner,320.0,480.0,7.2456820601365,7128
50,02/02/2020,Chocolate,com.easybrain.sudoku.android,USA,video,768.0,1024.0,7.2075276407413,1814
51,02/07/2020,Cheetah,1369521645,USA,banner,320.0,50.0,7.1290201616647995,9219
52,02/06/2020,Cheetah,com.xprodev.cutcam,USA,banner,320.0,480.0,7.1272941282949995,7023
53,02/05/2020,Cheetah,1207472156,USA,banner,300.0,250.0,7.0107445689209005,8381
54,02/02/2020,airpush,com.notabasement.mangarock.android.lotus,MYS,banner,320.0,50.0,6.8436474164482,11629
55,02/02/2020,Cheetah,1207472156,USA,banner,300.0,250.0,6.6231289470743,8668
56,02/06/2020,Cheetah,1207472156,USA,banner,300.0,250.0,6.571172758966,7827
57,02/08/2020,Cheetah,net.fussballtransfers.mobile,USA,banner,320.0,480.0,6.520775392244099,6956
58,02/05/2020,Cheetah,1369521645,USA,banner,300.0,250.0,6.4003247600631,7124
59,02/08/2020,Cheetah,1369521645,USA,banner,300.0,250.0,6.3838493976218,7875
60,02/06/2020,Cheetah,1369521645,USA,banner,300.0,250.0,6.3540917360660005,8372
61,02/02/2020,Cheetah,1369521645,USA,banner,300.0,250.0,6.2328088647919,5278
62,02/04/2020,mobiexchanger,1207472156,USA,banner,300.0,250.0,6.231755034910701,10420
63,02/02/2020,Decenterads,net.noonplayer,IND,native,0.0,0.0,6.0247943301802005,11479
64,02/05/2020,mobiexchanger,1207472156,USA,banner,320.0,50.0,5.918864618550299,8684
65,02/06/2020,Cheetah,479280326,USA,banner,300.0,250.0,5.8402107106231,9673
66,02/04/2020,Cheetah,1207472156,USA,banner,320.0,50.0,5.830449879314999,6777
67,02/03/2020,mobiexchanger,1207472156,USA,banner,320.0,50.0,5.5636566088942,8585
68,02/04/2020,Cheetah,1207472156,USA,banner,300.0,250.0,5.561658905760901,7444
69,02/06/2020,Cheetah,1207472156,USA,banner,300.0,250.0,5.4368517715193,6833
70,02/06/2020,Cheetah,multi.parallel.dualspace.cloner,USA,banner,320.0,480.0,5.428671506932,5486
71,02/02/2020,mobiexchanger,1207472156,USA,banner,320.0,50.0,5.4268366191536,8179
72,02/03/2020,Cheetah,com.northpark.drinkwater,USA,banner,320.0,480.0,5.40876065474,4877
73,02/08/2020,Cheetah,com.imedical_apps.egfrcalculatorspro,USA,banner,320.0,480.0,5.4026565821841,5804
74,02/04/2020,mobiexchanger,1207472156,USA,banner,320.0,50.0,5.3885694054479005,8271
75,02/03/2020,mobiexchanger,1207472156,USA,banner,300.0,250.0,5.3621160733164,8867
76,02/06/2020,airpush,com.apusapps.launcher,USA,banner,300.0,250.0,5.3338292136323,4033
77,02/02/2020,Chocolate,macrumors.com,USA,video,320.0,480.0,5.260796546936,1357
78,02/06/2020,Cheetah,1369521645,USA,banner,320.0,50.0,5.1577751443692,7152
79,02/07/2020,Cheetah,1369521645,USA,banner,300.0,250.0,5.0927777129982,7397
80,02/02/2020,Cheetah,568136681,USA,banner,300.0,250.0,4.9126594999107,10005
81,02/02/2020,Cheetah,1288430163,USA,banner,300.0,250.0,4.9034225417417,9602
82,02/05/2020,airpush,imoblife.androidsensorbox,ARG,banner,300.0,250.0,4.862048131239099,7287
83,02/08/2020,Cheetah,1369521645,USA,banner,300.0,250.0,4.819632488637599,6374
84,02/03/2020,Cheetah,1235581326,USA,banner,300.0,250.0,4.8119001112645,8286
85,02/05/2020,Cheetah,479280326,USA,banner,320.0,50.0,4.8038866677525,10464
86,02/02/2020,Chocolate,352509417,USA,video,320.0,480.0,4.776140151545401,876
87,02/07/2020,Cheetah,1369521645,USA,banner,320.0,50.0,4.6893891016662,6448
88,02/02/2020,Cheetah,1207472156,USA,banner,320.0,50.0,4.672645703802099,5613
89,02/06/2020,mobiexchanger,1207472156,USA,banner,320.0,50.0,4.574767037120201,6974
90,02/02/2020,Chocolate,341276200,USA,video,320.0,480.0,4.530586572829599,813
91,02/04/2020,Cheetah,1207472156,USA,banner,300.0,250.0,4.4304944685427,5976
92,02/04/2020,mobiexchanger,1207472156,USA,banner,320.0,50.0,4.3886304686021,6738
93,02/02/2020,Chocolate,com.h8games.helixjump,USA,video,320.0,480.0,4.2952513694763,1108
94,02/08/2020,airpush,imoblife.androidsensorbox,BRA,banner,300.0,250.0,4.281892315135299,5168
95,02/03/2020,Cheetah,1369521645,USA,banner,300.0,250.0,4.2104398078664,6024
96,02/03/2020,Chocolate,com.easybrain.sudoku.android,USA,video,320.0,480.0,4.193852472119,1011
97,02/05/2020,Cheetah,1207472156,USA,banner,320.0,50.0,4.1745489312743,4576
98,02/02/2020,Cheetah,1369521645,USA,banner,300.0,250.0,4.1241539522453,6972
99,02/02/2020,Chocolate,com.lq.dwzgp,USA,video,320.0,480.0,4.0786833763123,1052
100,02/02/2020,Cheetah,1369521645,USA,banner,300.0,250.0,3.9414342141827,4726
101,02/08/2020,Cheetah,1369521645,USA,banner,320.0,50.0,3.8952877613192003,5017
102,02/04/2020,Cheetah,1207472156,USA,banner,320.0,50.0,3.8943006918416,4611
103,02/02/2020,Cheetah,1207472156,USA,banner,300.0,250.0,3.8135127403657,4985
104,02/05/2020,Cheetah,1369521645,USA,banner,320.0,50.0,3.7744738706387997,4699
105,02/04/2020,Cheetah,1369521645,USA,banner,300.0,250.0,3.7696041641175,4888
106,02/02/2020,Chocolate,robotzombie.zombierobot.robot,USA,video,320.0,480.0,3.747407078743,967
107,02/02/2020,Chocolate,macrumors.com,USA,video,768.0,1024.0,3.7338855862617004,963
108,02/08/2020,Cheetah,1443190579,USA,banner,320.0,480.0,3.6699158315314,3710
109,02/04/2020,Cheetah,com.bitofgame.trialanderrorhalloween,USA,banner,320.0,480.0,3.6686364263296003,1454
110,02/04/2020,Cheetah,multi.parallel.dualspace.cloner,USA,banner,320.0,480.0,3.6684694502618997,3703
111,02/05/2020,Cheetah,1207472156,USA,banner,320.0,50.0,3.6552661195455998,3613
112,02/03/2020,Cheetah,1207472156,USA,banner,300.0,250.0,3.6516965140472,4947
113,02/02/2020,mobiexchanger,1207472156,USA,banner,300.0,250.0,3.6464041337603996,5945
114,02/03/2020,Cheetah,1369521645,USA,banner,320.0,50.0,3.5830312509352003,4880
115,02/02/2020,Chocolate,yducky.application.babytime,USA,video,320.0,480.0,3.5737882510293,922
116,02/02/2020,Chocolate,com.paullipnyagov.hiphopdrumpads24,USA,video,320.0,480.0,3.5736144781113,922
117,02/06/2020,Cheetah,479280326,USA,banner,320.0,50.0,3.553589191215,6718
118,02/08/2020,Cheetah,1369521645,USA,banner,320.0,50.0,3.5380591983994,4738
119,02/03/2020,Cheetah,1369521645,USA,banner,300.0,250.0,3.5342341648357003,4982
120,02/04/2020,Cheetah,com.notabasement.mangarock.android.lotus,USA,banner,320.0,480.0,3.4991612409358,3715
121,02/04/2020,Chocolate,com.videoshop.app,USA,video,300.0,250.0,3.4667294025421,593
122,02/08/2020,Cheetah,1369521645,USA,banner,300.0,250.0,3.4615563197585,4181
123,02/03/2020,mobiexchanger,1207472156,USA,banner,300.0,250.0,3.3745331930695,5595
124,02/07/2020,airpush,imoblife.androidsensorbox,BRA,banner,300.0,250.0,3.370402560744,4448
125,02/02/2020,Chocolate,com.baiwang.instasquare,USA,video,320.0,480.0,3.3378080013208,565
126,02/07/2020,airpush,imoblife.androidsensorbox,MEX,banner,300.0,250.0,3.3177280480158995,4376
127,02/02/2020,Chocolate,com.metropcs.metrozone,USA,video,320.0,480.0,3.2978995442390002,851
128,02/07/2020,Cheetah,bubble.shoot.bubbles.game.saga.world,USA,banner,320.0,480.0,3.2770438115112,3655
129,02/05/2020,Cheetah,1369521645,USA,banner,300.0,250.0,3.2169439178832997,3925
130,02/02/2020,Chocolate,com.h8games.helixjump,USA,video,768.0,1024.0,3.1980798244476003,825
131,02/06/2020,mobiexchanger,1207472156,USA,banner,320.0,50.0,3.1865903350117004,4788
132,02/02/2020,Chocolate,com.videoshop.app,USA,video,768.0,1024.0,3.1698326468467997,525
133,02/07/2020,Cheetah,1369521645,USA,banner,300.0,250.0,3.1668247661146003,4293
134,02/04/2020,mobiexchanger,1207472156,USA,banner,300.0,250.0,3.1552617798152,5220
135,02/07/2020,Cheetah,com.bellapps.milkingcow,USA,banner,320.0,480.0,3.1497917473316,3288
136,02/07/2020,airpush,com.apusapps.launcher,USA,banner,320.0,480.0,3.1201577372849,2313
137,02/02/2020,Cheetah,net.fussballtransfers.mobile,USA,banner,320.0,480.0,3.1142879467807,3255
138,02/05/2020,Cheetah,1233739175,USA,banner,320.0,50.0,3.1114132109214996,3614
139,02/04/2020,Cheetah,1369521645,USA,banner,320.0,50.0,3.1025717235170003,4059
140,02/03/2020,airpush,com.notabasement.mangarock.android.lotus,MYS,banner,320.0,50.0,3.1009463947266,5366
141,02/03/2020,mobiexchanger,1207472156,USA,banner,320.0,50.0,3.0928565591457002,4766
142,02/02/2020,Cheetah,1369521645,USA,banner,300.0,250.0,3.0758108535373996,4188
143,02/02/2020,Cheetah,1186298215,USA,banner,300.0,250.0,3.0714916861034,6084
144,02/05/2020,Cheetah,687877464,USA,banner,300.0,250.0,3.0625725990976,5575
145,02/02/2020,Chocolate,com.easybrain.sudoku.android,USA,video,320.0,480.0,3.0574419796467,789
146,02/03/2020,airpush,imoblife.androidsensorbox,ARG,banner,300.0,250.0,3.0488506555557002,2279
147,02/04/2020,Cheetah,1207472156,USA,banner,320.0,50.0,3.0483682457125,3584
148,02/05/2020,mobiexchanger,1207472156,USA,banner,300.0,250.0,3.048253671237,4937
149,02/02/2020,Chocolate,yducky.application.babytime,USA,video,768.0,1024.0,3.0382104844321,784
150,02/05/2020,Cheetah,1207472156,USA,banner,300.0,250.0,3.033527843887,3578
151,02/08/2020,Admixer,imoblife.androidsensorbox,BRA,banner,300.0,250.0,3.0114725613384996,4100
152,02/07/2020,Cheetah,com.adams.emmanuella,USA,banner,320.0,480.0,3.0043527630041003,3071
153,02/08/2020,Cheetah,com.nfl.fantasy.core.android,USA,banner,320.0,480.0,2.9905818478437,3497
154,02/04/2020,Cheetah,331786748,USA,banner,300.0,250.0,2.9758869968063997,4710
155,02/04/2020,Chocolate,352509417,USA,video,320.0,480.0,2.9506322192027996,540
156,02/06/2020,Cheetah,fi.twomenandadog.walkmaster,USA,banner,320.0,480.0,2.9303810570854996,2983
157,02/07/2020,Cheetah,net.easycreation.drink_reminder,USA,banner,320.0,480.0,2.9175117929117,3221
158,02/02/2020,Chocolate,com.lq.dwzgp,USA,video,768.0,1024.0,2.9121732115746,751
159,02/02/2020,Chocolate,robotzombie.zombierobot.robot,USA,video,768.0,1024.0,2.9069303618744,750
160,02/06/2020,Cheetah,com.nazara.chhotabheemcricket,USA,banner,320.0,480.0,2.9013694201130003,3004
161,02/04/2020,Chocolate,com.videoshop.app,USA,video,768.0,1024.0,2.8965186001733,495
162,02/04/2020,Cheetah,1207472156,USA,banner,300.0,250.0,2.8720979329955,3624
163,02/05/2020,Cheetah,1207472156,USA,banner,320.0,50.0,2.830418848549,3075
164,02/02/2020,Chocolate,com.washingtonpost.android,USA,video,320.0,480.0,2.8058227300643996,724
165,02/04/2020,Cheetah,1233739175,USA,banner,320.0,50.0,2.7911249286552997,3736
166,02/06/2020,airpush,imoblife.androidsensorbox,BRA,banner,300.0,250.0,2.7898983359337004,4132
167,02/04/2020,Cheetah,com.apalon.call.recorder,USA,banner,320.0,480.0,2.7769567432115,1893
168,02/02/2020,Cheetah,1369521645,USA,banner,320.0,50.0,2.7731318752922003,1385
169,02/03/2020,Cheetah,1369521645,USA,banner,320.0,50.0,2.7677448222821,3495
170,02/08/2020,Cheetah,ru.kuchaknig.android.freebooks.love,RUS,banner,320.0,50.0,2.7416242257168,5233
171,02/08/2020,Cheetah,com.mydiabetes,USA,banner,320.0,480.0,2.7400008328258996,2936
172,02/05/2020,Chocolate,352509417,USA,video,320.0,480.0,2.6765102948992996,488
173,02/05/2020,Cheetah,1369521645,USA,banner,320.0,50.0,2.6761731914885,3601
174,02/05/2020,mobiexchanger,1207472156,USA,banner,320.0,50.0,2.6697886983748,3837
175,02/02/2020,Chocolate,com.iposedon.bricksbreakerballs,USA,video,768.0,1024.0,2.6596925258636,686
176,02/05/2020,Chocolate,294363034,USA,video,320.0,480.0,2.6566646569408,485
177,02/06/2020,Cheetah,1233739175,USA,banner,320.0,50.0,2.641882676573,3423
178,02/07/2020,Cheetah,1369521645,USA,banner,300.0,250.0,2.6299749009195,3284
179,02/06/2020,Cheetah,com.adams.emmanuella,USA,banner,320.0,480.0,2.607353868545,2716
180,02/06/2020,Cheetah,1324604053,USA,banner,320.0,50.0,2.6059531255451,3172
181,02/04/2020,mobiexchanger,1207472156,USA,banner,300.0,250.0,2.5904663499094998,4295
182,02/06/2020,Cheetah,co.com.clickapp.clickapp,USA,banner,320.0,480.0,2.5844434434548,2510
183,02/02/2020,Cheetah,com.cardgame.solitaire.full,USA,banner,320.0,480.0,2.5796101340093,2597
184,02/02/2020,Chocolate,com.paullipnyagov.hiphopdrumpads24,USA,video,768.0,1024.0,2.5650102496147,662
185,02/05/2020,Chocolate,1226926872,USA,video,320.0,480.0,2.5255819242448,460
186,02/08/2020,Cheetah,1369521645,USA,banner,300.0,250.0,2.50299766424,2977
187,02/07/2020,Cheetah,com.mydiabetes,USA,banner,320.0,480.0,2.4872061014175,2663
188,02/07/2020,Cheetah,com.imedical_apps.egfrcalculatorspro,USA,banner,320.0,480.0,2.4744941592216,2665
189,02/02/2020,Chocolate,com.metropcs.metrozone,USA,video,768.0,1024.0,2.473170876503,638
190,02/05/2020,Cheetah,507605066,USA,banner,300.0,250.0,2.4641449751507003,4184
191,02/04/2020,Cheetah,331786748,USA,banner,300.0,250.0,2.4409309000039,3865
192,02/02/2020,Cheetah,1369521645,USA,banner,320.0,50.0,2.4240722382674,1692
193,02/04/2020,Cheetah,1233739175,USA,banner,300.0,250.0,2.4094600634708,4715
194,02/07/2020,Cheetah,1369521645,USA,banner,320.0,50.0,2.3888432038947998,3103
195,02/02/2020,Chocolate,com.iposedon.bricksbreakerballs,USA,video,728.0,1280.0,2.3651954531670003,610
196,02/07/2020,Cheetah,com.johnbussell.duel,USA,banner,320.0,480.0,2.3611938398099,2544
197,02/05/2020,Cheetah,479280326,USA,banner,300.0,250.0,2.3535881022399,3553
198,02/06/2020,mobiexchanger,1207472156,USA,banner,300.0,250.0,2.2916778561485,3710
199,02/04/2020,airpush,imoblife.androidsensorbox,USA,banner,300.0,250.0,2.2709195157513,1811
200,02/02/2020,Chocolate,1226926872,USA,video,320.0,480.0,2.260453579016,412
201,02/02/2020,Chocolate,com.washingtonpost.android,USA,video,768.0,1024.0,2.2602497935295003,583
202,02/07/2020,Cheetah,com.iposedon.bricksbreakerballs,USA,banner,300.0,250.0,2.2576309009819,15488
203,02/02/2020,Chocolate,com.iposedon.bricksbreakerballs,USA,video,1280.0,720.0,2.2563391549047003,582
204,02/02/2020,Cheetah,1369521645,USA,banner,300.0,250.0,2.2465430251905,1935
205,02/08/2020,Cheetah,net.easycreation.drink_reminder,USA,banner,320.0,480.0,2.2198668718338,2465
206,02/05/2020,Cheetah,1207472156,USA,banner,320.0,50.0,2.2159500921116,2436
207,02/05/2020,Chocolate,com.baiwang.instasquare,USA,video,300.0,250.0,2.2075961926021,385
208,02/04/2020,Cheetah,331786748,USA,banner,300.0,250.0,2.2027924244176,3237
209,02/05/2020,Cheetah,com.zentertain.music.player,USA,banner,320.0,480.0,2.1963071250357,2216
210,02/03/2020,Chocolate,com.easybrain.sudoku.android,USA,video,768.0,1024.0,2.167612625286,444
211,02/04/2020,Chocolate,com.baiwang.instasquare,USA,video,768.0,1024.0,2.1489463048056,368
212,02/02/2020,mobiexchanger,1207472156,USA,banner,320.0,50.0,2.1316271302347998,3252
213,02/06/2020,Cheetah,com.qiiwi.backpacker,USA,banner,320.0,480.0,2.1237917346298,2248
214,02/04/2020,airpush,com.talkatone.android,USA,banner,300.0,250.0,2.1015199079411,1671
215,02/04/2020,Chocolate,com.baiwang.instasquare,USA,video,728.0,1280.0,2.0964514114894,359
216,02/04/2020,Chocolate,com.baiwang.instasquare,USA,video,300.0,250.0,2.0786839821376,356
217,02/05/2020,Chocolate,com.baiwang.instasquare,USA,video,728.0,1280.0,2.0678585865535,362
218,02/06/2020,Cheetah,1207472156,USA,banner,320.0,50.0,2.0649661022471,2127
219,02/04/2020,Cheetah,1233739175,USA,banner,320.0,50.0,2.0437257020822,3137
220,02/04/2020,Chocolate,com.videoshop.app,USA,video,1280.0,728.0,2.0406532287598003,349
221,02/08/2020,airpush,imoblife.androidsensorbox,MEX,banner,300.0,250.0,2.0394348221597998,2578
222,02/06/2020,Cheetah,blocks.drop.cubes.bmc,USA,banner,320.0,480.0,2.0349798088428,2068
223,02/02/2020,Cheetah,1193508329,USA,banner,300.0,250.0,2.0290508657927,2417
224,02/04/2020,Chocolate,com.videoshop.app,USA,video,1024.0,768.0,2.0189781188965,345
225,02/04/2020,Chocolate,com.videoshop.app,USA,video,728.0,1280.0,2.0123438835144,344
226,02/05/2020,Cheetah,1207472156,USA,banner,300.0,250.0,2.0026700926246,2169
227,02/02/2020,Cheetah,568136681,USA,banner,300.0,250.0,1.9992717277783,3957
228,02/08/2020,Cheetah,1369521645,USA,banner,320.0,50.0,1.9865072041866,2487
229,02/04/2020,Chocolate,com.baiwang.instasquare,USA,video,1024.0,768.0,1.9790323073976002,339
230,02/04/2020,Cheetah,320969612,USA,banner,300.0,250.0,1.9407728917721998,2796
231,02/05/2020,Chocolate,com.baiwang.instasquare,USA,video,768.0,1024.0,1.9339406490326003,338
232,02/08/2020,Cheetah,bubble.shoot.bubbles.game.saga.world,USA,banner,320.0,480.0,1.9284618534148001,2173
233,02/04/2020,mobiexchanger,1207472156,USA,banner,320.0,50.0,1.9277065905335,2841
234,02/04/2020,Cheetah,331786748,USA,banner,300.0,250.0,1.9235474736197,2768
235,02/06/2020,mobiexchanger,1369521645,USA,banner,300.0,250.0,1.9211554666108,2376
236,02/05/2020,mobiexchanger,1207472156,USA,banner,300.0,250.0,1.9205817719921001,3071
237,02/05/2020,Chocolate,com.baiwang.instasquare,USA,video,1024.0,768.0,1.9168218374252,336
238,02/02/2020,Cheetah,1369521645,USA,banner,320.0,50.0,1.9040976507968,2515
239,02/05/2020,airpush,com.notabasement.mangarock.android.lotus,MYS,banner,320.0,50.0,1.8919135832111,3958
240,02/04/2020,Cheetah,953905920,USA,banner,300.0,250.0,1.8897996793967,1798
241,02/07/2020,Cheetah,com.playappking.spiderboy,USA,banner,320.0,480.0,1.8866219740594,1930
242,02/04/2020,Cheetah,1191441346,USA,banner,300.0,250.0,1.88428748562,2774
243,02/03/2020,Vidstart,com.iptvbr,USA,native,0.0,0.0,1.8838027563761002,1861
244,02/03/2020,Cheetah,net.fussballtransfers.mobile,USA,banner,320.0,480.0,1.8705253137741003,1544
245,02/02/2020,Cheetah,1369521645,USA,banner,300.0,250.0,1.8559104198066003,1915
246,02/03/2020,airpush,imoblife.androidsensorbox,CAN,banner,300.0,250.0,1.8505156040192,1450
247,02/04/2020,Chocolate,com.baiwang.instasquare,USA,video,1280.0,728.0,1.8482878403738001,316
248,02/06/2020,Cheetah,1207472156,USA,banner,320.0,50.0,1.8408038943016,2230
249,02/02/2020,Cheetah,1369521645,USA,banner,320.0,50.0,1.8368539587536001,1392
250,02/02/2020,Chocolate,com.cmyksoft.spidersolitaire,USA,video,768.0,1024.0,1.8304150521290001,472
251,02/06/2020,Cheetah,com.cookware.dessertrecipes,USA,banner,320.0,480.0,1.7914665611461003,1853
252,02/06/2020,Cheetah,479280326,USA,banner,300.0,250.0,1.7914375451655,3238
253,02/06/2020,mobiexchanger,1207472156,USA,banner,300.0,250.0,1.787750233867,2855
254,02/04/2020,Cheetah,331786748,USA,banner,300.0,250.0,1.7854747231613002,2854
255,02/08/2020,Cheetah,1207472156,USA,banner,320.0,50.0,1.7848891814065,2198
256,02/03/2020,Cheetah,1207472156,USA,banner,320.0,50.0,1.7540888066869,2147
257,02/04/2020,Cheetah,1207472156,USA,banner,300.0,250.0,1.7529398215411,2276
258,02/05/2020,Chocolate,com.easybrain.sudoku.android,USA,video,320.0,480.0,1.7397559750825,345
259,02/02/2020,Cheetah,568136681,USA,banner,300.0,250.0,1.7363673512008997,3472
260,02/05/2020,Cheetah,1207472156,USA,banner,320.0,50.0,1.726501161349,1822
261,02/04/2020,Cheetah,1369521645,USA,banner,320.0,50.0,1.7245190392277,2352
262,02/02/2020,Cheetah,1369521645,USA,banner,320.0,50.0,1.7231793002720002,1586
263,02/04/2020,mobiexchanger,1207472156,USA,banner,320.0,50.0,1.7181774795172,2604
264,02/04/2020,Cheetah,1207472156,USA,banner,320.0,50.0,1.7166070507956002,2342
265,02/04/2020,Cheetah,331786748,USA,banner,300.0,250.0,1.7105615511537,2660
266,02/03/2020,airpush,air.com.tectum.sudoku,USA,banner,320.0,480.0,1.7040844763396001,1239
267,02/06/2020,Cheetah,com.gigalab.battery,USA,banner,320.0,480.0,1.6982685587136,1792
268,02/05/2020,Cheetah,mobi.infolife.ezweather.livewallpaper.water.fun,USA,banner,320.0,480.0,1.6874442936387,1716
269,02/03/2020,Cheetah,com.notabasement.mangarock.android.lotus,USA,banner,320.0,480.0,1.6869929748354,1786
270,02/05/2020,Cheetah,1207472156,USA,banner,320.0,50.0,1.6860221972456002,1683
271,02/04/2020,airpush,com.notabasement.mangarock.android.lotus,MYS,banner,320.0,50.0,1.6735201893607,3323
272,02/06/2020,Cheetah,com.pavahainc.boyhairstyle,USA,banner,320.0,480.0,1.672257508093,1691
273,02/05/2020,Cheetah,lunosoftware.mlbscores,USA,banner,320.0,480.0,1.6657439097762001,1663
274,02/05/2020,Cheetah,1369521645,USA,banner,300.0,250.0,1.6629628475057,2045
275,02/06/2020,Cheetah,1233739175,USA,banner,320.0,50.0,1.6489082079642998,2315
276,02/06/2020,Cheetah,com.sevenlogics.babynursing,USA,banner,320.0,480.0,1.6476929585333002,1672
277,02/05/2020,Cheetah,1207472156,USA,banner,320.0,50.0,1.641822801088,1750
278,02/05/2020,Cheetah,687877464,USA,banner,320.0,50.0,1.6380907530838,3342
279,02/04/2020,Cheetah,331786748,USA,banner,300.0,250.0,1.6374302433105001,2285
280,02/03/2020,Cheetah,ru.kuchaknig.android.freebooks.love,RUS,banner,320.0,50.0,1.6370906930533,3320
281,02/07/2020,Cheetah,1324604053,USA,banner,320.0,50.0,1.6279659628343999,1732
282,02/06/2020,Cheetah,500962489,USA,banner,300.0,250.0,1.6268259906209999,2255
283,02/06/2020,Cheetah,com.nazara.chhotabheemcricket,USA,banner,320.0,480.0,1.6125493246946,1936
284,02/05/2020,Cheetah,1207472156,USA,banner,300.0,250.0,1.6114686838408998,1891
285,02/06/2020,airpush,imoblife.androidsensorbox,MEX,banner,300.0,250.0,1.6049954729388,2172
286,02/06/2020,Cheetah,com.coco.comptia_aplus,USA,banner,320.0,480.0,1.5979173699743,1610
287,02/06/2020,mobiexchanger,1369521645,USA,banner,320.0,50.0,1.5924263175692999,2282
288,02/04/2020,Cheetah,1233739175,USA,banner,300.0,250.0,1.5896394430165,3683
289,02/02/2020,mobiexchanger,1207472156,USA,banner,300.0,250.0,1.5786489245073998,2589
290,02/07/2020,Cheetah,com.nazara.chhotabheemcricket,USA,banner,320.0,480.0,1.5745335227111,1678
291,02/05/2020,Chocolate,341276200,USA,video,320.0,480.0,1.5703494548798,274
292,02/07/2020,Cheetah,com.iposedon.bricksbreakerballs,USA,banner,320.0,50.0,1.54619389445,11674
293,02/06/2020,Cheetah,968744559,USA,banner,300.0,250.0,1.5457675222424,2509
294,02/05/2020,Cheetah,com.nobexinc.wls_8097148939.rc,USA,banner,320.0,480.0,1.545392162865,1599
295,02/05/2020,Cheetah,1233739175,USA,banner,320.0,50.0,1.5425092795484998,2011
296,02/06/2020,Cheetah,com.fusionmedia.investing,USA,banner,320.0,480.0,1.5372098458465,1501
297,02/02/2020,Chocolate,com.baiwang.instasquare,USA,video,300.0,250.0,1.5315511529334,281
298,02/03/2020,Cheetah,1207472156,USA,banner,320.0,50.0,1.5309174645372001,2064
299,02/07/2020,Cheetah,1369521645,USA,banner,320.0,50.0,1.5276247463188999,1772
300,02/07/2020,Cheetah,com.metropcs.metrozone,USA,banner,320.0,480.0,1.5244485400617,1504
301,02/04/2020,Cheetah,331786748,USA,banner,300.0,250.0,1.51486387974,2231
302,02/06/2020,Cheetah,com.superthomaslab.rootessentials,USA,banner,320.0,480.0,1.5099532966851001,1587
303,02/02/2020,Cheetah,1335823906,USA,banner,300.0,250.0,1.5001207675959,2979
304,02/04/2020,Cheetah,com.bitofgame.trialanderrorhalloween,USA,banner,320.0,480.0,1.499726500595,532
305,02/05/2020,Cheetah,com.amber.launcher.miui.xiaomi.redmi.mi6.minote.mia2,USA,banner,320.0,480.0,1.4920908024069,1503
306,02/02/2020,Chocolate,com.baiwang.instasquare,USA,video,1024.0,768.0,1.4848316330463,270
307,02/06/2020,airpush,imoblife.androidsensorbox,SAU,banner,300.0,250.0,1.4646839946508,1221
308,02/04/2020,Cheetah,com.tamalaki.hogmysterysociety,USA,banner,300.0,250.0,1.4629323846020001,4168
309,02/05/2020,Cheetah,1369521645,USA,banner,300.0,250.0,1.4478145061293999,1465
310,02/05/2020,Cheetah,1207472156,USA,banner,300.0,250.0,1.4468050101277,1782
311,02/04/2020,Cheetah,1366502697,USA,banner,300.0,250.0,1.4372588698461002,2043
312,02/02/2020,Cheetah,1193508329,USA,banner,300.0,250.0,1.4362057741673002,1769
313,02/08/2020,Cheetah,air.com.tectum.sudoku,USA,banner,320.0,480.0,1.436034171842,1647
314,02/06/2020,Cheetah,com.nordcurrent.canteenhd,USA,banner,320.0,480.0,1.4316054836963001,1478
315,02/06/2020,Cheetah,479280326,USA,banner,320.0,50.0,1.4242054336791998,2944
316,02/07/2020,Cheetah,com.furry.fandom,USA,banner,320.0,480.0,1.422416883288,1489
317,02/02/2020,Cheetah,1288430163,USA,banner,300.0,250.0,1.4198055639862999,2874
318,02/03/2020,Cheetah,1193508329,USA,banner,300.0,250.0,1.4194413578662,1679
319,02/05/2020,Chocolate,com.baiwang.instasquare,USA,video,1280.0,728.0,1.4174127578735,243
320,02/03/2020,mobiexchanger,1207472156,USA,banner,300.0,250.0,1.4126603050389999,2354
321,02/06/2020,Cheetah,1207472156,USA,banner,320.0,50.0,1.41176234046,1415
322,02/06/2020,Cheetah,com.lph.mobile.asx,USA,banner,320.0,480.0,1.4101644057082001,1505
323,02/04/2020,airpush,imoblife.androidsensorbox,ARG,banner,300.0,250.0,1.4018394472077,1048
324,02/08/2020,Cheetah,com.johnbussell.duel,USA,banner,320.0,480.0,1.3985954830423,1503
325,02/08/2020,Cheetah,com.bellapps.milkingcow,USA,banner,320.0,480.0,1.3983837403357,1460
326,02/06/2020,Cheetah,com.discoverukraine.airports,USA,banner,320.0,480.0,1.3976258536568,1499
327,02/06/2020,Cheetah,com.zitga.empire.warriors.td,USA,banner,320.0,480.0,1.3877631453215,1481
328,02/05/2020,Cheetah,331786748,USA,banner,300.0,250.0,1.3871709156956002,2216
329,02/07/2020,Cheetah,1193508329,USA,banner,300.0,250.0,1.3726665935828,1487
330,02/04/2020,Cheetah,1369521645,USA,banner,300.0,250.0,1.3711223089484998,1948
331,02/04/2020,Cheetah,1369521645,USA,banner,300.0,250.0,1.3709275128349,1773
332,02/05/2020,Cheetah,1207472156,USA,banner,300.0,250.0,1.3685570497182,1454
333,02/03/2020,Cheetah,1207472156,USA,banner,320.0,50.0,1.3643711648765,1600
334,02/06/2020,Cheetah,com.mtfreegames.impossiblecardrivingsimulator,USA,banner,320.0,480.0,1.3604906530236,1348
335,02/03/2020,Cheetah,1132762804,USA,banner,300.0,250.0,1.3452722543443,2220
336,02/05/2020,Cheetah,1207472156,USA,banner,320.0,50.0,1.3439811013232,1573
337,02/02/2020,Cheetah,1186298215,USA,banner,300.0,250.0,1.3248956992757,2513
338,02/02/2020,Chocolate,com.easybrain.sudoku.android,USA,video,320.0,480.0,1.3229818418622,332
339,02/07/2020,Cheetah,479280326,USA,banner,300.0,250.0,1.3172343892802,2133
340,02/05/2020,mobiexchanger,1207472156,USA,banner,320.0,50.0,1.3104452590633,1831
341,02/02/2020,Cheetah,1335823906,USA,banner,300.0,250.0,1.3102713406551998,2711
342,02/06/2020,Cheetah,1207472156,USA,banner,320.0,50.0,1.2975910127716,1494
343,02/07/2020,Cheetah,com.confirmtkt.lite,USA,banner,320.0,480.0,1.2949264416238,1353
344,02/07/2020,Cheetah,1207472156,USA,banner,320.0,50.0,1.2876395396015001,1470
345,02/02/2020,Cheetah,1186298215,USA,banner,300.0,250.0,1.2780661227298,2300
346,02/03/2020,Vidstart,com.atlogis.sovietmaps.free,USA,native,0.0,0.0,1.277157974313,1334
347,02/05/2020,Cheetah,507605066,USA,banner,300.0,250.0,1.2723825410067,2358
348,02/05/2020,Cheetah,com.becloser,USA,banner,320.0,480.0,1.260980935127,1322
349,02/04/2020,Cheetah,com.archery.champ.king.bow,USA,banner,300.0,250.0,1.2599295955296999,3748
350,02/02/2020,Cheetah,1369521645,USA,banner,300.0,250.0,1.2584019319328998,1750
351,02/08/2020,Cheetah,com.apalon.weatherradar.free,USA,banner,320.0,480.0,1.2578037111088998,1235
352,02/06/2020,Cheetah,1324604053,USA,banner,320.0,50.0,1.2553641419363002,1862
353,02/06/2020,Cheetah,com.fa.bad.girls.wrestling.fighting.mania,USA,banner,320.0,480.0,1.2543023687322,1303
354,02/02/2020,Cheetah,990247742,USA,banner,300.0,250.0,1.2521042087174,2783
355,02/06/2020,Cheetah,687877464,USA,banner,300.0,250.0,1.2507838071906001,2030
356,02/04/2020,Cheetah,1369521645,USA,banner,320.0,50.0,1.2323152530735,1676
357,02/06/2020,Cheetah,biz.arrowstar.funnyfood3,USA,banner,320.0,480.0,1.2235304424538997,1135
358,02/05/2020,Cheetah,com.meshref.engpregnancy,USA,banner,320.0,480.0,1.2220506495796002,1241
359,02/08/2020,Cheetah,1369521645,USA,banner,320.0,50.0,1.2106805940712,1672
360,02/03/2020,Cheetah,1193508329,USA,banner,300.0,250.0,1.2103672202793,1412
361,02/06/2020,Cheetah,bubble.shoot.bubbles.game.saga.world,USA,banner,320.0,480.0,1.2065462563187,1297
362,02/02/2020,Cheetah,1369521645,USA,banner,300.0,250.0,1.2027767359832,1444
363,02/05/2020,Cheetah,479280326,USA,banner,300.0,250.0,1.2026596076321001,1852
364,02/05/2020,Cheetah,1369521645,USA,banner,300.0,250.0,1.1985718104988,1225
365,02/05/2020,Cheetah,1425545122,USA,banner,300.0,250.0,1.1955089396506,2350
366,02/07/2020,Cheetah,1207472156,USA,banner,320.0,50.0,1.1939986767102,1377
367,02/02/2020,Chocolate,com.bestdressupgames.boyfriend,USA,video,768.0,1024.0,1.1862423373386002,306
368,02/06/2020,Cheetah,com.nexon.devcat.runwaystory,USA,banner,320.0,480.0,1.186066774535,1167
369,02/02/2020,Chocolate,978810802,USA,video,320.0,480.0,1.1851010769606,182
370,02/06/2020,Cheetah,com.crazylabs.hex.nine,USA,banner,320.0,480.0,1.1828476901865,1232
371,02/06/2020,Cheetah,409128287,USA,banner,300.0,250.0,1.1679839627758999,1855
372,02/06/2020,Cheetah,com.gannett.local.library.news.greenbaypressgazette,USA,banner,320.0,480.0,1.1652701270068,1222
373,02/02/2020,Cheetah,ru.kuchaknig.android.freebooks.love,RUS,banner,320.0,50.0,1.1608628234243998,2417
374,02/06/2020,Cheetah,1207472156,USA,banner,300.0,250.0,1.1347195123526002,1400
375,02/03/2020,Cheetah,1369521645,USA,banner,300.0,250.0,1.1316933441849,1552
376,02/06/2020,Cheetah,com.bitmango.go.linepuzzlepipeart,USA,banner,320.0,480.0,1.1260587877478,1243
377,02/02/2020,Cheetah,1369521645,USA,banner,320.0,50.0,1.1245462032675,612
378,02/05/2020,Cheetah,1207472156,USA,banner,300.0,250.0,1.1236938440707,1258
379,02/05/2020,Cheetah,507605066,USA,banner,320.0,50.0,1.1232911948172999,2233
380,02/04/2020,Cheetah,1233739175,USA,banner,320.0,50.0,1.1191806964925,1562
381,02/02/2020,Chocolate,com.baiwang.instasquare,USA,video,728.0,1280.0,1.1184585941955,205
382,02/02/2020,mobiexchanger,1207472156,USA,banner,320.0,50.0,1.1166696801665001,1690
383,02/02/2020,Chocolate,com.bestdressupgames.boyfriend,USA,video,300.0,250.0,1.103145749541,285
384,02/08/2020,Admixer,imoblife.androidsensorbox,MEX,banner,300.0,250.0,1.1011394049274,1624
385,02/06/2020,mobiexchanger,1369521645,USA,banner,300.0,250.0,1.0975614323106,1396
386,02/07/2020,airpush,imoblife.androidsensorbox,COL,banner,300.0,250.0,1.0927325788653002,931
387,02/02/2020,Cheetah,1369521645,USA,banner,300.0,250.0,1.0915562580922,1100
388,02/05/2020,Cheetah,1193508329,USA,banner,300.0,250.0,1.0824897759885,1016
389,02/03/2020,Cheetah,com.nfl.fantasy.core.android,USA,banner,320.0,480.0,1.0823856663774,844
390,02/05/2020,Chocolate,com.videoshop.app,USA,video,768.0,1024.0,1.0766750695184,184
391,02/06/2020,Cheetah,com.chikay.demotapetest,USA,banner,320.0,480.0,1.06680839404,1041
392,02/07/2020,Cheetah,com.bitmango.go.linepuzzlepipeart,USA,banner,320.0,480.0,1.0654660027940002,1203
393,02/06/2020,Cheetah,com.shinycore.picsayfree,USA,banner,320.0,480.0,1.061003983079,998
394,02/02/2020,Cheetah,1207472156,USA,banner,320.0,50.0,1.0508624131470998,1413
395,02/06/2020,mobiexchanger,1369521645,USA,banner,320.0,50.0,1.048707208538,1478
396,02/05/2020,Cheetah,1369521645,USA,banner,320.0,50.0,1.0458265398775,1356
397,02/06/2020,Cheetah,ru.kuchaknig.android.freebooks.love,RUS,banner,320.0,50.0,1.045763259579,2083
398,02/07/2020,airpush,com.emoji.keyboard.touchpal,IDN,banner,300.0,250.0,1.0433352934197,5727
399,02/04/2020,Cheetah,1233739175,USA,banner,300.0,250.0,1.0429842800659002,2432
400,02/06/2020,Cheetah,500962489,USA,banner,300.0,250.0,1.0425932993529998,1492
401,02/04/2020,Cheetah,1435899684,USA,banner,300.0,250.0,1.0360222710588,1843
402,02/06/2020,Cheetah,com.coloringbook.fruitsdrawingbook,USA,banner,320.0,480.0,1.0331393593806,1062
403,02/03/2020,Cheetah,com.sgn.pandapop.gp,USA,banner,320.0,480.0,1.0296876601642,748
404,02/05/2020,Cheetah,331786748,USA,banner,300.0,250.0,1.024711761158,1649
405,02/08/2020,Cheetah,1369521645,USA,banner,300.0,250.0,1.0241553262458,1244
406,02/03/2020,Chocolate,1226926872,USA,video,320.0,480.0,1.0228738845326,191
407,02/02/2020,Cheetah,308750436,USA,banner,300.0,250.0,1.0194345882919,2208
408,02/07/2020,Cheetah,1193508329,USA,banner,300.0,250.0,1.0161663387262,1229
409,02/07/2020,Cheetah,air.com.tectum.sudoku,USA,banner,320.0,480.0,1.0147580408374999,1156
410,02/04/2020,mobiexchanger,1207472156,USA,banner,320.0,50.0,1.0134710758139,1728
411,02/02/2020,Cheetah,1440430680,USA,banner,300.0,250.0,1.0133116497309,2148
412,02/02/2020,Chocolate,com.baiwang.instasquare,USA,video,1280.0,728.0,1.0113974963315,182
413,02/06/2020,Cheetah,898040123,USA,banner,300.0,250.0,1.0102841324115002,1776
414,02/05/2020,Cheetah,1207472156,USA,banner,300.0,250.0,1.0079416198714,1165
415,02/02/2020,Cheetah,com.online.music.freemusic,USA,banner,320.0,480.0,1.0070863028523,886
416,02/05/2020,Cheetah,1324604053,USA,banner,320.0,50.0,1.0067940877925,974
417,02/04/2020,Cheetah,331786748,USA,banner,300.0,250.0,1.0067301076779,1718
418,02/03/2020,Cheetah,633540951,USA,banner,300.0,250.0,1.0051836387720001,630
419,02/08/2020,Cheetah,1369521645,USA,banner,300.0,250.0,1.0032838228799001,1204
420,02/04/2020,Cheetah,com.metropcs.metrozone,USA,banner,320.0,480.0,1.000285892922,1049
