,ExpDate,StrikePrice,Ticker,Type,Last,Chg,Bid,Ask,Vol,Open Int,Delta,Gamma,Rho,Theta,Vega,Implied volatility,currentDate,Underlaying asset price,Expiration Date
2209,24-Feb-17,123.0,AAPL,Call,12.55,-0.06,12.5,12.95,5.0,92.0,1.0,0.0,0.02339,-0.01881,0.0,0.3775,2/17/2017,135.720001,0.019164956
2210,24-Feb-17,126.0,AAPL,Call,9.45,-0.05,9.55,9.9,7.0,1023.0,1.0,0.0,0.02396,-0.01927,0.0,0.3136,2/17/2017,135.720001,0.019164956
2211,24-Feb-17,127.0,AAPL,Call,8.5,-0.02,8.6,8.8,30.0,378.0,1.0,0.0,0.02415,-0.019430000000000003,0.0,0.2511,2/17/2017,135.720001,0.019164956
2212,24-Feb-17,128.0,AAPL,Call,7.55,0.15,7.55,7.85,59.0,533.0,1.0,0.0,0.02434,-0.01958,0.0,0.22892,2/17/2017,135.720001,0.019164956
2213,24-Feb-17,130.0,AAPL,Call,5.68,0.28,5.55,5.95,379.0,1958.0,1.0,0.0,0.02473,-0.01989,0.0,0.20144,2/17/2017,135.720001,0.019164956
2214,24-Feb-17,131.0,AAPL,Call,4.52,0.02,4.6,4.9,740.0,1377.0,1.0,0.0,0.02492,-0.02004,0.0,0.20917,2/17/2017,135.720001,0.019164956
2215,24-Feb-17,132.0,AAPL,Call,3.76,0.17,3.65,3.95,947.0,2755.0,0.99574,0.00777,0.025,-0.02155,0.00426,0.14554,2/17/2017,135.720001,0.019164956
2216,24-Feb-17,133.0,AAPL,Call,2.93,0.1,2.87,3.0,5957.0,7828.0,0.87889,0.08403,0.02216,-0.05734,0.04543,0.16102,2/17/2017,135.720001,0.019164956
2217,24-Feb-17,134.0,AAPL,Call,2.1,0.03,2.09,2.15,2467.0,4805.0,0.7775,0.13078,0.01972,-0.07708,0.04655,0.17764000000000002,2/17/2017,135.720001,0.019164956
2218,24-Feb-17,135.0,AAPL,Call,1.44,-0.01,1.41,1.45,8228.0,10177.0,0.6048899999999999,0.13297,0.01535,-0.10651,0.07191,0.14737999999999998,2/17/2017,135.720001,0.019164956
2219,24-Feb-17,136.0,AAPL,Call,0.87,-0.11,0.87,0.89,11309.0,11575.0,0.4669100000000001,0.17426,0.01195,-0.08775,0.07334,0.13276,2/17/2017,135.720001,0.019164956
2220,24-Feb-17,137.0,AAPL,Call,0.51,-0.13,0.51,0.54,8699.0,5328.0,0.30356,0.15292,0.0078,-0.07628,0.07515,0.13192,2/17/2017,135.720001,0.019164956
2221,24-Feb-17,138.0,AAPL,Call,0.3,-0.1,0.28,0.3,7761.0,5299.0,0.23369,0.10587,0.00599,-0.08137,0.05047,0.147,2/17/2017,135.720001,0.019164956
2222,24-Feb-17,139.0,AAPL,Call,0.17,-0.09,0.17,0.18,1660.0,2473.0,0.11465999999999997,0.07351,0.00295,-0.04595,0.05181,0.13591,2/17/2017,135.720001,0.019164956
2223,24-Feb-17,140.0,AAPL,Call,0.1,-0.06,0.09,0.11,3128.0,8784.0,0.11396,0.05639,0.00292,-0.05857,0.0514,0.17118,2/17/2017,135.720001,0.019164956
2224,24-Feb-17,141.0,AAPL,Call,0.06,-0.05,0.06,0.07,2532.0,2561.0,0.05519,0.03438,0.0014199999999999998,-0.029560000000000006,0.02255,0.17269,2/17/2017,135.720001,0.019164956
2225,24-Feb-17,142.0,AAPL,Call,0.04,-0.03,0.04,0.05,297.0,1859.0,0.02768,0.01915,0.0007099999999999999,-0.01762,0.02277,0.17922000000000002,2/17/2017,135.720001,0.019164956
2226,24-Feb-17,143.0,AAPL,Call,0.03,-0.02,0.03,0.04,401.0,1408.0,0.01984,0.0,0.0005099999999999999,-0.01467,0.0114,0.19488,2/17/2017,135.720001,0.019164956
2227,24-Feb-17,144.0,AAPL,Call,0.02,-0.02,0.02,0.03,1043.0,1094.0,0.01745,0.0,0.00045,-0.0141,0.00571,0.21246,2/17/2017,135.720001,0.019164956
2228,24-Feb-17,145.0,AAPL,Call,0.02,-0.01,0.01,0.03,100.0,981.0,0.02057,0.0,0.00053,-0.01939,0.014769999999999997,0.24997,2/17/2017,135.720001,0.019164956
2229,24-Feb-17,145.0,AAPL,Call,0.02,-0.01,0.01,0.03,100.0,981.0,0.02057,0.0,0.00053,-0.01939,0.014769999999999997,0.24997,2/17/2017,135.720001,0.249144422
2230,24-Feb-17,145.0,AAPL,Call,0.02,-0.01,0.01,0.03,100.0,981.0,0.02057,0.0,0.00053,-0.01939,0.014769999999999997,0.24997,2/17/2017,135.720001,0.325804244
2231,24-Feb-17,145.0,AAPL,Call,0.02,-0.01,0.01,0.03,100.0,981.0,0.02057,0.0,0.00053,-0.01939,0.014769999999999997,0.24997,2/17/2017,135.720001,0.421629021
2232,19-May-17,145.0,AAPL,Put,11.55,-0.3,11.25,11.45,84.0,1334.0,-0.6825899999999999,0.02516,-0.15984,-0.0276,0.26065,0.24997,2/17/2017,135.720001,0.019164956
2233,19-May-17,145.0,AAPL,Put,11.55,-0.3,11.25,11.45,84.0,1334.0,-0.6825899999999999,0.02516,-0.15984,-0.0276,0.26065,0.24997,2/17/2017,135.720001,0.249144422
2234,19-May-17,145.0,AAPL,Put,11.55,-0.3,11.25,11.45,84.0,1334.0,-0.6825899999999999,0.02516,-0.15984,-0.0276,0.26065,0.24997,2/17/2017,135.720001,0.325804244
2235,19-May-17,145.0,AAPL,Put,11.55,-0.3,11.25,11.45,84.0,1334.0,-0.6825899999999999,0.02516,-0.15984,-0.0276,0.26065,0.24997,2/17/2017,135.720001,0.421629021
2236,16-Jun-17,145.0,AAPL,Put,12.0,-0.3,11.8,11.95,70.0,1325.0,-0.67918,0.02583,-0.1842,-0.01957,0.29645,0.24997,2/17/2017,135.720001,0.019164956
2237,16-Jun-17,145.0,AAPL,Put,12.0,-0.3,11.8,11.95,70.0,1325.0,-0.67918,0.02583,-0.1842,-0.01957,0.29645,0.24997,2/17/2017,135.720001,0.249144422
2238,16-Jun-17,145.0,AAPL,Put,12.0,-0.3,11.8,11.95,70.0,1325.0,-0.67918,0.02583,-0.1842,-0.01957,0.29645,0.24997,2/17/2017,135.720001,0.325804244
2239,16-Jun-17,145.0,AAPL,Put,12.0,-0.3,11.8,11.95,70.0,1325.0,-0.67918,0.02583,-0.1842,-0.01957,0.29645,0.24997,2/17/2017,135.720001,0.421629021
2240,21-Jul-17,145.0,AAPL,Put,12.75,-0.15,12.45,12.6,14.0,636.0,-0.61846,0.02068,-0.257,-0.02093,0.35525,0.24997,2/17/2017,135.720001,0.019164956
2241,21-Jul-17,145.0,AAPL,Put,12.75,-0.15,12.45,12.6,14.0,636.0,-0.61846,0.02068,-0.257,-0.02093,0.35525,0.24997,2/17/2017,135.720001,0.249144422
2242,21-Jul-17,145.0,AAPL,Put,12.75,-0.15,12.45,12.6,14.0,636.0,-0.61846,0.02068,-0.257,-0.02093,0.35525,0.24997,2/17/2017,135.720001,0.325804244
2243,21-Jul-17,145.0,AAPL,Put,12.75,-0.15,12.45,12.6,14.0,636.0,-0.61846,0.02068,-0.257,-0.02093,0.35525,0.24997,2/17/2017,135.720001,0.421629021
2244,24-Feb-17,147.0,AAPL,Call,0.02,-0.01,0.01,0.03,200.0,109.0,0.01549,0.0,0.0004,-0.01634,0.00569,0.27755,2/17/2017,135.720001,0.019164956
2245,24-Feb-17,148.0,AAPL,Call,0.01,-0.02,0.01,0.02,3.0,587.0,0.01218,0.0,0.00031,-0.01339,0.00572,0.27544,2/17/2017,135.720001,0.019164956
2246,24-Feb-17,123.0,AAPL,Put,0.02,-0.02,0.01,0.03,220.0,1566.0,-0.01128,0.00477,-0.00029,-0.014180000000000003,0.00473,0.33021,2/17/2017,135.720001,0.019164956
2247,24-Feb-17,124.0,AAPL,Put,0.03,-0.03,0.02,0.03,325.0,1987.0,-0.01233,0.00555,-0.00032,-0.014430000000000004,0.00474,0.30884,2/17/2017,135.720001,0.019164956
2248,24-Feb-17,125.0,AAPL,Put,0.02,-0.03,0.02,0.03,179.0,1120.0,-0.01267,0.006220000000000001,-0.00033,-0.01354,0.00475,0.28301,2/17/2017,135.720001,0.019164956
2249,24-Feb-17,126.0,AAPL,Put,0.03,-0.03,0.02,0.03,683.0,1335.0,-0.01652,0.00826,-0.00043,-0.01703,0.01011,0.27541,2/17/2017,135.720001,0.019164956
2250,24-Feb-17,127.0,AAPL,Put,0.04,-0.03,0.03,0.04,1235.0,1361.0,-0.0173,0.00952,-0.00043,-0.01614,0.0169,0.24997,2/17/2017,135.720001,0.019164956
2251,24-Feb-17,128.0,AAPL,Put,0.04,-0.04,0.03,0.05,547.0,1945.0,-0.016890000000000002,0.01064,-0.00043,-0.01376,0.01502,0.21872,2/17/2017,135.720001,0.019164956
2252,24-Feb-17,129.0,AAPL,Put,0.06,-0.05,0.04,0.06,672.0,2825.0,-0.02637,0.01627,-0.00063,-0.01768,0.01909,0.20325,2/17/2017,135.720001,0.019164956
2253,24-Feb-17,130.0,AAPL,Put,0.06,-0.09,0.06,0.07,3402.0,3710.0,-0.04722,0.02756,-0.00117,-0.0271,0.01924,0.19177,2/17/2017,135.720001,0.019164956
2254,24-Feb-17,131.0,AAPL,Put,0.1,-0.11,0.09,0.1,1241.0,2638.0,-0.07301,0.04173,-0.00184,-0.03865,0.01955,0.20472,2/17/2017,135.720001,0.019164956
2255,24-Feb-17,132.0,AAPL,Put,0.14,-0.18,0.14,0.16,6271.0,2605.0,-0.09701,0.05847,-0.0022,-0.04145,0.04557,0.15239,2/17/2017,135.720001,0.019164956
2256,24-Feb-17,133.0,AAPL,Put,0.25,-0.24,0.23,0.26,3356.0,4260.0,-0.18034,0.08807999999999999,-0.004370000000000001,-0.06248,0.046380000000000005,0.13923,2/17/2017,135.720001,0.019164956
2257,24-Feb-17,134.0,AAPL,Put,0.43,-0.32,0.41,0.45,2967.0,4171.0,-0.25443000000000005,0.12321,-0.00546,-0.07069,0.07044,0.13928,2/17/2017,135.720001,0.019164956
2258,24-Feb-17,135.0,AAPL,Put,0.73,-0.42,0.69,0.75,8156.0,6576.0,-0.39956,0.13347,-0.00913,-0.08804,0.07195,0.12969,2/17/2017,135.720001,0.019164956
2259,24-Feb-17,136.0,AAPL,Put,1.19,-0.5,1.15,1.22,2493.0,1681.0,-0.53354,0.14887999999999998,-0.0106,-0.08447,0.07316,0.12862,2/17/2017,135.720001,0.019164956
2260,24-Feb-17,137.0,AAPL,Put,1.85,-0.46,1.76,1.9,552.0,1273.0,-0.67406,0.13646,-0.01369,-0.07275,0.07408,0.13699,2/17/2017,135.720001,0.019164956
2261,24-Feb-17,138.0,AAPL,Put,2.8,-0.25,2.52,2.72,249.0,332.0,-0.80225,0.11364,-0.0132,-0.05,0.04994,0.12988,2/17/2017,135.720001,0.019164956
2262,24-Feb-17,139.0,AAPL,Put,3.64,-0.31,3.35,3.65,5.0,99.0,-0.87029,0.08194,-0.01267,-0.041010000000000005,0.04737,0.12759,2/17/2017,135.720001,0.019164956
2263,24-Feb-17,140.0,AAPL,Put,4.58,-0.17,4.25,4.55,11.0,15.0,-0.93039,0.055310000000000005,-0.00784,-0.02338,0.02123,0.1325,2/17/2017,135.720001,0.019164956
2264,24-Feb-17,141.0,AAPL,Put,5.62,-0.71,5.25,5.6,25.0,5.0,-0.9306,0.04422,-0.01067,-0.03029,0.02112,0.1325,2/17/2017,135.720001,0.019164956
2265,24-Feb-17,145.0,AAPL,Put,9.55,0.05,9.2,9.45,5.0,15.0,-1.0,0.0,0.0,0.0,0.0,0.1325,2/17/2017,135.720001,0.019164956
2266,24-Feb-17,145.0,AAPL,Put,9.55,0.05,9.2,9.45,5.0,15.0,-1.0,0.0,0.0,0.0,0.0,0.1325,2/17/2017,135.720001,0.076659822
2267,17-Mar-17,145.0,AAPL,Put,9.7,-0.2,9.35,9.6,153.0,140.0,-0.928,0.02955,-0.0311,-0.01365,0.06537000000000001,0.1325,2/17/2017,135.720001,0.019164956
2268,17-Mar-17,145.0,AAPL,Put,9.7,-0.2,9.35,9.6,153.0,140.0,-0.928,0.02955,-0.0311,-0.01365,0.06537000000000001,0.1325,2/17/2017,135.720001,0.076659822
2269,3-Mar-17,125.0,AAPL,Call,10.44,0.07,10.6,10.95,61.0,487.0,1.0,0.0,0.04767,-0.0191,0.0,0.10392,2/17/2017,135.720001,0.038329911
2270,3-Mar-17,126.0,AAPL,Call,9.59,0.41,9.7,9.95,17.0,127.0,1.0,0.0,0.04805,-0.01926,0.0,0.19237,2/17/2017,135.720001,0.038329911
2271,3-Mar-17,127.0,AAPL,Call,8.67,0.22,8.7,9.0,35.0,312.0,1.0,0.0,0.04843,-0.01941,0.0,0.17339000000000002,2/17/2017,135.720001,0.038329911
2272,3-Mar-17,128.0,AAPL,Call,7.8,0.35,7.75,8.0,14.0,688.0,1.0,0.0,0.04881,-0.01956,0.0,0.19237,2/17/2017,135.720001,0.038329911
2273,3-Mar-17,129.0,AAPL,Call,6.75,0.25,6.7,7.0,47.0,6004.0,1.0,0.0,0.0492,-0.01971,0.0,0.15968,2/17/2017,135.720001,0.038329911
2274,3-Mar-17,130.0,AAPL,Call,5.95,0.27,5.85,6.0,279.0,2830.0,0.98027,0.015619999999999997,0.04856,-0.02542,0.02487,0.17202,2/17/2017,135.720001,0.038329911
2275,3-Mar-17,131.0,AAPL,Call,4.87,0.12,4.9,5.15,30.0,1768.0,0.8826200000000001,0.0467,0.04383,-0.0515,0.06326,0.13927,2/17/2017,135.720001,0.038329911
2276,3-Mar-17,132.0,AAPL,Call,4.15,0.1,4.15,4.25,136.0,1330.0,0.8786,0.05963,0.04404,-0.04542,0.06264,0.15411,2/17/2017,135.720001,0.038329911
2277,3-Mar-17,133.0,AAPL,Call,3.35,0.09,3.35,3.45,1318.0,1870.0,0.80561,0.08295,0.0406,-0.05578,0.0643,0.156,2/17/2017,135.720001,0.038329911
2278,3-Mar-17,134.0,AAPL,Call,2.61,0.04,2.64,2.72,822.0,1902.0,0.6629,0.07951,0.0333,-0.08276,0.10041,0.15533,2/17/2017,135.720001,0.038329911
2279,3-Mar-17,135.0,AAPL,Call,1.99,0.01,1.99,2.07,825.0,4325.0,0.60675,0.11638,0.03087,-0.06627000000000001,0.10119,0.13226,2/17/2017,135.720001,0.038329911
2280,3-Mar-17,136.0,AAPL,Call,1.48,-0.04,1.48,1.54,2224.0,4645.0,0.49436,0.12274000000000003,0.02527,-0.06679,0.10369,0.13165,2/17/2017,135.720001,0.038329911
2281,3-Mar-17,137.0,AAPL,Call,1.09,-0.03,1.07,1.1,6953.0,6316.0,0.38441,0.10957,0.01968,-0.06296,0.10605,0.16326,2/17/2017,135.720001,0.038329911
2282,3-Mar-17,138.0,AAPL,Call,0.74,-0.08,0.75,0.79,939.0,1247.0,0.32993,0.08095,0.01681,-0.0756,0.10664,0.16326,2/17/2017,135.720001,0.038329911
2283,3-Mar-17,138.0,AAPL,Call,0.74,-0.08,0.75,0.79,939.0,1247.0,0.32993,0.08095,0.01681,-0.0756,0.10664,0.16326,2/17/2017,135.720001,0.05749486700000001
2284,10-Mar-17,138.0,AAPL,Call,1.1,-0.01,1.09,1.14,97.0,738.0,0.33314,0.08455,0.02559,-0.05138,0.13245,0.16326,2/17/2017,135.720001,0.038329911
2285,10-Mar-17,138.0,AAPL,Call,1.1,-0.01,1.09,1.14,97.0,738.0,0.33314,0.08455,0.02559,-0.05138,0.13245,0.16326,2/17/2017,135.720001,0.05749486700000001
2286,3-Mar-17,139.0,AAPL,Call,0.52,-0.07,0.52,0.54,845.0,963.0,0.21877,0.07829,0.01124,-0.05088,0.07329,0.13483,2/17/2017,135.720001,0.038329911
2287,3-Mar-17,140.0,AAPL,Call,0.36,-0.07,0.36,0.38,1384.0,2183.0,0.20085,0.06086,0.01028,-0.05726000000000001,0.07315,0.16326,2/17/2017,135.720001,0.038329911
2288,3-Mar-17,141.0,AAPL,Call,0.23,-0.07,0.25,0.27,517.0,903.0,0.10401,0.04607,0.005370000000000001,-0.03361,0.07537,0.14951,2/17/2017,135.720001,0.038329911
2289,3-Mar-17,142.0,AAPL,Call,0.18,-0.04,0.17,0.19,1910.0,2168.0,0.09503,0.03784,0.00489,-0.03492,0.04218,0.1816,2/17/2017,135.720001,0.038329911
2290,3-Mar-17,143.0,AAPL,Call,0.13,-0.04,0.12,0.14,3047.0,1106.0,0.07312,0.029480000000000006,0.00376,-0.02809,0.03265,0.18024,2/17/2017,135.720001,0.038329911
2291,3-Mar-17,144.0,AAPL,Call,0.09,-0.04,0.09,0.1,14.0,250.0,0.05136,0.02152,0.00265,-0.02101,0.03302,0.1829,2/17/2017,135.720001,0.038329911
2292,3-Mar-17,145.0,AAPL,Call,0.07,-0.04,0.06,0.08,212.0,543.0,0.02897,0.01363,0.0015,-0.01344,0.03342,0.18436,2/17/2017,135.720001,0.038329911
2293,10-Mar-17,123.0,AAPL,Call,12.8,-0.6,12.65,13.1,1.0,69.0,1.0,0.0,0.07037,-0.01878,0.0,0.08281000000000001,2/17/2017,135.720001,0.05749486700000001
2294,10-Mar-17,124.0,AAPL,Call,11.6,1.9,11.65,12.0,2.0,19.0,0.99925,0.00057,0.07089,-0.0192,0.00075,0.10234,2/17/2017,135.720001,0.05749486700000001
2295,10-Mar-17,125.0,AAPL,Call,10.59,-0.21,10.7,11.1,10.0,178.0,0.99868,0.00101,0.07141,-0.01955,0.00546,0.10379,2/17/2017,135.720001,0.05749486700000001
2296,10-Mar-17,126.0,AAPL,Call,9.65,0.18,9.7,10.05,7.0,542.0,0.99413,0.00373,0.07164,-0.02093,0.0071,0.06485,2/17/2017,135.720001,0.05749486700000001
2297,10-Mar-17,127.0,AAPL,Call,8.62,0.12,8.75,9.05,5.0,537.0,1.0,0.0,0.07266,-0.01939,0.0,0.11397,2/17/2017,135.720001,0.05749486700000001
2298,10-Mar-17,128.0,AAPL,Call,7.83,0.18,7.8,8.1,2.0,766.0,0.97844,0.01206,0.07156,-0.02496,0.02986,0.13257,2/17/2017,135.720001,0.05749486700000001
2299,10-Mar-17,129.0,AAPL,Call,6.99,0.32,6.95,7.15,6.0,398.0,0.95574,0.02192,0.07037,-0.02942,0.03061,0.16662000000000002,2/17/2017,135.720001,0.05749486700000001
2300,10-Mar-17,130.0,AAPL,Call,6.02,0.4,6.05,6.25,25.0,922.0,0.88602,0.03754,0.06543,-0.04444,0.07599,0.15467999999999998,2/17/2017,135.720001,0.05749486700000001
2301,10-Mar-17,131.0,AAPL,Call,5.09,0.09,5.2,5.4,17.0,821.0,0.85729,0.04739,0.06375,-0.04619,0.07654,0.14356,2/17/2017,135.720001,0.05749486700000001
2302,10-Mar-17,132.0,AAPL,Call,4.45,0.2,4.4,4.6,164.0,2780.0,0.8216200000000001,0.06009,0.06154,-0.04848,0.07737999999999999,0.14228,2/17/2017,135.720001,0.05749486700000001
2303,10-Mar-17,133.0,AAPL,Call,3.7,0.1,3.65,3.8,33.0,1507.0,0.7796,0.07606,0.05884,-0.05106,0.11555,0.15989,2/17/2017,135.720001,0.05749486700000001
2304,10-Mar-17,134.0,AAPL,Call,2.87,-0.04,2.98,3.1,25.0,2539.0,0.65656,0.07192,0.0494,-0.06507,0.12239,0.15050999999999998,2/17/2017,135.720001,0.05749486700000001
2305,10-Mar-17,135.0,AAPL,Call,2.4,0.02,2.39,2.45,889.0,2470.0,0.58791,0.08234,0.04452,-0.06493,0.12435999999999997,0.12775999999999998,2/17/2017,135.720001,0.05749486700000001
2306,10-Mar-17,136.0,AAPL,Call,1.9,0.05,1.87,1.93,453.0,1816.0,0.51037,0.08282,0.03877,-0.0672,0.12669,0.14302,2/17/2017,135.720001,0.05749486700000001
2307,10-Mar-17,137.0,AAPL,Call,1.36,-0.02,1.44,1.5,634.0,2610.0,0.41589,0.09436,0.03188,-0.05283,0.12994,0.14552,2/17/2017,135.720001,0.05749486700000001
2308,10-Mar-17,139.0,AAPL,Call,0.78,-0.1,0.81,0.86,152.0,792.0,0.25481,0.07626000000000001,0.01965,-0.04419,0.09038,0.17427,2/17/2017,135.720001,0.05749486700000001
2309,10-Mar-17,140.0,AAPL,Call,0.6,-0.08,0.6,0.62,57.0,3977.0,0.24397,0.05914,0.01869,-0.05251,0.08988,0.15085,2/17/2017,135.720001,0.05749486700000001
2310,10-Mar-17,141.0,AAPL,Call,0.42,-0.07,0.44,0.48,138.0,63.0,0.1901,0.05072,0.0146,-0.04314,0.09149,0.17752,2/17/2017,135.720001,0.05749486700000001
2311,10-Mar-17,142.0,AAPL,Call,0.3,-0.14,0.32,0.36,74.0,202.0,0.16632,0.04261,0.01275,-0.04268,0.09182,0.16022,2/17/2017,135.720001,0.05749486700000001
2312,10-Mar-17,143.0,AAPL,Call,0.25,-0.04,0.24,0.27,14.0,483.0,0.13446,0.03588,0.01032,-0.0387,0.09254,0.18004,2/17/2017,135.720001,0.05749486700000001
2313,10-Mar-17,145.0,AAPL,Call,0.14,-0.03,0.14,0.16,21.0,57.0,0.06786,0.02266,0.00524,-0.02149,0.04114,0.17895999999999998,2/17/2017,135.720001,0.05749486700000001
2314,10-Mar-17,146.0,AAPL,Call,0.09,-0.06,0.1,0.12,150.0,55.0,0.04864,0.01704,0.00376,-0.0163,0.04165,0.18003,2/17/2017,135.720001,0.05749486700000001
2315,17-Mar-17,125.0,AAPL,Call,11.0,0.35,10.85,11.1,3709.0,54885.0,1.0,0.0,0.09517,-0.01907,0.0,0.1325,2/17/2017,135.720001,0.076659822
2316,17-Mar-17,130.0,AAPL,Call,6.3,0.1,6.3,6.45,7252.0,50320.0,0.8567600000000001,0.03852,0.08395,-0.04396,0.08745,0.14081,2/17/2017,135.720001,0.076659822
2317,17-Mar-17,135.0,AAPL,Call,2.75,0.02,2.76,2.8,8688.0,40656.0,0.60149,0.08552,0.06083,-0.0498,0.14248,0.14720999999999998,2/17/2017,135.720001,0.076659822
2318,17-Mar-17,140.0,AAPL,Call,0.84,-0.09,0.85,0.86,8029.0,28805.0,0.27727,0.056060000000000006,0.0282,-0.05062,0.10359000000000003,0.16637000000000002,2/17/2017,135.720001,0.076659822
2319,17-Mar-17,145.0,AAPL,Call,0.23,-0.05,0.23,0.25,3770.0,10134.0,0.09777,0.02674,0.01003,-0.02611,0.04734,0.16779000000000002,2/17/2017,135.720001,0.076659822
2320,24-Mar-17,125.0,AAPL,Call,10.69,0.24,10.9,11.2,8.0,344.0,1.0,0.0,0.11891,-0.01905,0.0,0.01066,2/17/2017,135.720001,0.095824778
2321,24-Mar-17,128.0,AAPL,Call,8.11,0.26,8.2,8.45,7.0,577.0,0.94212,0.0215,0.11428,-0.02895,0.03853,0.14576,2/17/2017,135.720001,0.095824778
2322,24-Mar-17,129.0,AAPL,Call,7.2,0.06,7.3,7.55,2.0,389.0,0.93313,0.02619,0.11409,-0.029710000000000007,0.07619,0.14298,2/17/2017,135.720001,0.095824778
2323,24-Mar-17,130.0,AAPL,Call,6.35,-0.02,6.45,6.7,11.0,766.0,0.89343,0.03565,0.10984,-0.03308,0.09293,0.13298,2/17/2017,135.720001,0.095824778
2324,24-Mar-17,131.0,AAPL,Call,5.7,0.13,5.7,5.9,6.0,414.0,0.79938,0.0444,0.0982,-0.04727,0.0995,0.13990999999999998,2/17/2017,135.720001,0.095824778
2325,24-Mar-17,132.0,AAPL,Call,4.92,-0.03,4.95,5.1,330.0,1191.0,0.80113,0.0555,0.09962,-0.0411,0.09832,0.14695,2/17/2017,135.720001,0.095824778
2326,24-Mar-17,133.0,AAPL,Call,4.14,-0.04,4.25,4.4,217.0,1469.0,0.7305699999999999,0.06107000000000001,0.09112,-0.0447,0.15208,0.15238,2/17/2017,135.720001,0.095824778
2327,24-Mar-17,134.0,AAPL,Call,3.65,0.1,3.6,3.75,151.0,852.0,0.64132,0.05778,0.07977000000000001,-0.05315,0.15742,0.14854,2/17/2017,135.720001,0.095824778
2328,24-Mar-17,135.0,AAPL,Call,3.04,0.04,3.0,3.15,221.0,2583.0,0.60118,0.0763,0.07582,-0.04608,0.15908,0.12516,2/17/2017,135.720001,0.095824778
2329,24-Mar-17,136.0,AAPL,Call,2.55,0.02,2.53,2.62,97.0,2176.0,0.52873,0.07514,0.06685,-0.04822,0.16310999999999998,0.13927,2/17/2017,135.720001,0.095824778
2330,24-Mar-17,137.0,AAPL,Call,2.07,0.05,2.07,2.15,220.0,2175.0,0.46851,0.06093,0.0589,-0.05313,0.16592,0.13347,2/17/2017,135.720001,0.095824778
2331,24-Mar-17,138.0,AAPL,Call,1.61,-0.05,1.68,1.74,37.0,2269.0,0.39856,0.06448999999999999,0.05048,-0.04622,0.16975,0.14627,2/17/2017,135.720001,0.095824778
2332,24-Mar-17,139.0,AAPL,Call,1.36,0.04,1.35,1.4,31.0,300.0,0.35782,0.05505,0.04518,-0.04979,0.17115999999999998,0.14627,2/17/2017,135.720001,0.095824778
2333,24-Mar-17,140.0,AAPL,Call,1.08,-0.04,1.08,1.1,89.0,786.0,0.30569,0.052320000000000005,0.03873,-0.04819,0.17355,0.15467999999999998,2/17/2017,135.720001,0.095824778
2334,24-Mar-17,141.0,AAPL,Call,0.82,-0.08,0.85,0.9,102.0,192.0,0.26303000000000004,0.04809,0.03339,-0.04389,0.11751,0.16631,2/17/2017,135.720001,0.095824778
2335,24-Mar-17,142.0,AAPL,Call,0.66,-0.05,0.67,0.71,28.0,144.0,0.1651,0.04419,0.02125,-0.02595,0.12415,0.16702,2/17/2017,135.720001,0.095824778
2336,24-Mar-17,143.0,AAPL,Call,0.52,-0.07,0.52,0.56,42.0,395.0,0.18116,0.03803,0.0231,-0.0331,0.12152,0.17752,2/17/2017,135.720001,0.095824778
2337,24-Mar-17,144.0,AAPL,Call,0.42,-0.04,0.41,0.45,28.0,74.0,0.13977,0.03273,0.01789,-0.02783,0.12355,0.17643,2/17/2017,135.720001,0.095824778
2338,24-Mar-17,145.0,AAPL,Call,0.32,-0.04,0.32,0.35,175.0,736.0,0.14165,0.029230000000000006,0.01803,-0.03122,0.12259,0.17028,2/17/2017,135.720001,0.095824778
2339,24-Mar-17,146.0,AAPL,Call,0.26,-0.03,0.25,0.28,3.0,22.0,0.08588,0.02332,0.01105,-0.01915,0.054770000000000006,0.20754,2/17/2017,135.720001,0.095824778
2340,3-Mar-17,123.0,AAPL,Put,0.08,-0.02,0.06,0.07,10.0,2134.0,-0.01429,0.00562,-0.00074,-0.00943,0.006490000000000001,0.24998,2/17/2017,135.720001,0.038329911
2341,3-Mar-17,124.0,AAPL,Put,0.08,-0.03,0.07,0.08,140.0,617.0,-0.02298,0.0083,-0.0011,-0.01389,0.02623,0.24997,2/17/2017,135.720001,0.038329911
2342,3-Mar-17,125.0,AAPL,Put,0.09,-0.04,0.08,0.09,765.0,3314.0,-0.01644,0.0073700000000000015,-0.00082,-0.00942,0.0231,0.21872,2/17/2017,135.720001,0.038329911
2343,3-Mar-17,125.0,AAPL,Put,0.09,-0.04,0.08,0.09,765.0,3314.0,-0.01644,0.0073700000000000015,-0.00082,-0.00942,0.0231,0.21872,2/17/2017,135.720001,0.249144422
2344,19-May-17,125.0,AAPL,Put,1.7,-0.14,1.67,1.71,155.0,6459.0,-0.20589,0.01845,-0.06225,-0.02737,0.18979,0.21872,2/17/2017,135.720001,0.038329911
2345,19-May-17,125.0,AAPL,Put,1.7,-0.14,1.67,1.71,155.0,6459.0,-0.20589,0.01845,-0.06225,-0.02737,0.18979,0.21872,2/17/2017,135.720001,0.249144422
2346,3-Mar-17,126.0,AAPL,Put,0.1,-0.04,0.09,0.11,100.0,727.0,-0.05566,0.01728,-0.00282,-0.02875,0.02677,0.21872,2/17/2017,135.720001,0.038329911
2347,3-Mar-17,127.0,AAPL,Put,0.12,-0.06,0.11,0.13,18.0,885.0,-0.0551,0.01924,-0.00278,-0.02527,0.02669,0.22263,2/17/2017,135.720001,0.038329911
2348,3-Mar-17,128.0,AAPL,Put,0.15,-0.07,0.14,0.16,264.0,1857.0,-0.08653,0.02637,-0.00393,-0.0399,0.06347,0.22177,2/17/2017,135.720001,0.038329911
2349,3-Mar-17,129.0,AAPL,Put,0.2,-0.09,0.19,0.2,351.0,1193.0,-0.0803,0.02973,-0.00359,-0.03216,0.06166,0.18299,2/17/2017,135.720001,0.038329911
2350,3-Mar-17,130.0,AAPL,Put,0.26,-0.11,0.24,0.26,245.0,3056.0,-0.11712,0.03887,-0.005520000000000001,-0.03869,0.06369,0.18941,2/17/2017,135.720001,0.038329911
2351,3-Mar-17,131.0,AAPL,Put,0.36,-0.15,0.32,0.34,227.0,1858.0,-0.11439,0.04701,-0.00536,-0.03064,0.06315,0.15609,2/17/2017,135.720001,0.038329911
2352,3-Mar-17,132.0,AAPL,Put,0.48,-0.21,0.46,0.48,233.0,775.0,-0.17987,0.06253,-0.0088,-0.04304,0.06451,0.18487,2/17/2017,135.720001,0.038329911
2353,3-Mar-17,133.0,AAPL,Put,0.68,-0.26,0.64,0.67,539.0,1956.0,-0.26434,0.07235,-0.01161,-0.06021,0.09907,0.19029,2/17/2017,135.720001,0.038329911
2354,3-Mar-17,134.0,AAPL,Put,0.96,-0.31,0.91,0.95,361.0,997.0,-0.35413,0.07449,-0.01625,-0.07103999999999999,0.1008,0.15545,2/17/2017,135.720001,0.038329911
2355,3-Mar-17,135.0,AAPL,Put,1.3,-0.39,1.26,1.31,1374.0,1684.0,-0.41981,0.09387,-0.01887,-0.06377999999999999,0.10192,0.14628,2/17/2017,135.720001,0.038329911
2356,3-Mar-17,136.0,AAPL,Put,1.81,-0.37,1.75,1.8,626.0,664.0,-0.5149,0.11182,-0.02049,-0.05539,0.1036,0.1776,2/17/2017,135.720001,0.038329911
2357,3-Mar-17,137.0,AAPL,Put,2.46,-0.46,2.3,2.41,315.0,91.0,-0.60409,0.09499,-0.02415,-0.05701000000000001,0.10469,0.18754,2/17/2017,135.720001,0.038329911
2358,3-Mar-17,138.0,AAPL,Put,3.23,-0.27,2.98,3.05,121.0,63.0,-0.69925,0.09046,-0.02602,-0.0518,0.10368,0.14781,2/17/2017,135.720001,0.038329911
2359,3-Mar-17,139.0,AAPL,Put,3.9,-0.4,3.75,3.85,60.0,58.0,-0.78755,0.08073999999999999,-0.02428,-0.03728,0.07171,0.14799,2/17/2017,135.720001,0.038329911
2360,3-Mar-17,140.0,AAPL,Put,4.89,-0.49,4.55,4.8,10.0,33.0,-0.83391,0.06599,-0.02404,-0.03375,0.0688,0.17467,2/17/2017,135.720001,0.038329911
2361,10-Mar-17,123.0,AAPL,Put,0.11,-0.03,0.09,0.11,1.0,377.0,-0.04198,0.01106,-0.00317,-0.01826,0.03178,0.24997,2/17/2017,135.720001,0.05749486700000001
2362,10-Mar-17,124.0,AAPL,Put,0.13,-0.03,0.11,0.13,167.0,136.0,-0.05523,0.01405,-0.004220000000000001,-0.02317,0.03211,0.21872,2/17/2017,135.720001,0.05749486700000001
2363,10-Mar-17,125.0,AAPL,Put,0.14,-0.05,0.13,0.14,47.0,684.0,-0.04836,0.01436,-0.00366,-0.01786,0.0318,0.21659,2/17/2017,135.720001,0.05749486700000001
2364,10-Mar-17,126.0,AAPL,Put,0.16,-0.06,0.15,0.17,10.0,1272.0,-0.07717,0.01979,-0.00558,-0.03011,0.066,0.2259,2/17/2017,135.720001,0.05749486700000001
2365,10-Mar-17,127.0,AAPL,Put,0.2,-0.09,0.19,0.21,31.0,880.0,-0.10527,0.02429,-0.00744,-0.03592,0.07687000000000001,0.21959,2/17/2017,135.720001,0.05749486700000001
2366,10-Mar-17,128.0,AAPL,Put,0.25,-0.09,0.24,0.27,16.0,796.0,-0.0819,0.02565,-0.00554,-0.02491,0.07575,0.22167,2/17/2017,135.720001,0.05749486700000001
2367,10-Mar-17,129.0,AAPL,Put,0.34,-0.1,0.31,0.34,57.0,521.0,-0.1217,0.03284,-0.008709999999999999,-0.03159,0.07683,0.16946,2/17/2017,135.720001,0.05749486700000001
2368,10-Mar-17,130.0,AAPL,Put,0.44,-0.11,0.41,0.44,55.0,1366.0,-0.10125,0.03699,-0.00705,-0.02176,0.07537,0.15269000000000002,2/17/2017,135.720001,0.05749486700000001
2369,10-Mar-17,131.0,AAPL,Put,0.66,-0.08,0.54,0.58,13.0,1255.0,-0.16,0.04855,-0.01169,-0.0307,0.0773,0.15595,2/17/2017,135.720001,0.05749486700000001
2370,10-Mar-17,132.0,AAPL,Put,0.77,-0.22,0.72,0.76,138.0,2442.0,-0.2372,0.05611,-0.01539,-0.047560000000000005,0.11965,0.16095,2/17/2017,135.720001,0.05749486700000001
2371,10-Mar-17,133.0,AAPL,Put,1.0,-0.26,0.95,1.0,229.0,1237.0,-0.29209,0.06327999999999999,-0.01978,-0.04744,0.12105,0.1932,2/17/2017,135.720001,0.05749486700000001
2372,10-Mar-17,134.0,AAPL,Put,1.35,-0.21,1.25,1.3,127.0,414.0,-0.35073000000000004,0.0731,-0.02404,-0.04633,0.12259,0.15711,2/17/2017,135.720001,0.05749486700000001
2373,10-Mar-17,135.0,AAPL,Put,1.7,-0.3,1.62,1.7,372.0,752.0,-0.4282,0.07438,-0.029210000000000007,-0.05399,0.12489,0.1796,2/17/2017,135.720001,0.05749486700000001
2374,10-Mar-17,136.0,AAPL,Put,2.23,-0.27,2.08,2.18,51.0,564.0,-0.50061,0.07706,-0.02998,-0.05433,0.12669,0.16354000000000002,2/17/2017,135.720001,0.05749486700000001
2375,10-Mar-17,137.0,AAPL,Put,2.79,-0.36,2.66,2.75,58.0,210.0,-0.57731,0.07941000000000001,-0.03445,-0.04616,0.12813,0.18479,2/17/2017,135.720001,0.05749486700000001
2376,10-Mar-17,138.0,AAPL,Put,3.5,0.13,3.25,3.4,4.0,65.0,-0.63485,0.06849,-0.03815,-0.04933,0.12952,0.16145,2/17/2017,135.720001,0.05749486700000001
2377,17-Mar-17,125.0,AAPL,Put,0.22,-0.06,0.21,0.22,1279.0,22795.0,-0.09642,0.01899,-0.00904,-0.03069,0.08728,0.24856,2/17/2017,135.720001,0.076659822
2378,17-Mar-17,130.0,AAPL,Put,0.64,-0.13,0.62,0.64,4068.0,43702.0,-0.14744000000000002,0.039310000000000005,-0.01431,-0.02508,0.08765,0.1922,2/17/2017,135.720001,0.076659822
2379,17-Mar-17,130.0,AAPL,Put,0.64,-0.13,0.62,0.64,4068.0,43702.0,-0.14744000000000002,0.039310000000000005,-0.01431,-0.02508,0.08765,0.1922,2/17/2017,135.720001,0.095824778
2380,24-Mar-17,130.0,AAPL,Put,0.81,-0.16,0.78,0.83,70.0,735.0,-0.16831,0.03892,-0.02041,-0.02434,0.09816,0.1922,2/17/2017,135.720001,0.076659822
2381,24-Mar-17,130.0,AAPL,Put,0.81,-0.16,0.78,0.83,70.0,735.0,-0.16831,0.03892,-0.02041,-0.02434,0.09816,0.1922,2/17/2017,135.720001,0.095824778
2382,17-Mar-17,135.0,AAPL,Put,2.0,-0.37,2.0,2.01,8111.0,31889.0,-0.43349,0.060979999999999986,-0.03724,-0.04972,0.14420999999999998,0.18178,2/17/2017,135.720001,0.076659822
2383,17-Mar-17,140.0,AAPL,Put,5.1,-0.45,5.0,5.1,279.0,6204.0,-0.75837,0.0615,-0.04409,-0.02865,0.10136,0.18576,2/17/2017,135.720001,0.076659822
2384,24-Mar-17,123.0,AAPL,Put,0.22,-0.05,0.2,0.22,7.0,275.0,-0.08077000000000001,0.01496,-0.00926,-0.025,0.09578,0.25388,2/17/2017,135.720001,0.095824778
2385,24-Mar-17,124.0,AAPL,Put,0.24,-0.06,0.23,0.27,20.0,141.0,-0.09798,0.01725,-0.01157,-0.02725,0.09644,0.21383,2/17/2017,135.720001,0.095824778
2386,24-Mar-17,125.0,AAPL,Put,0.3,-0.07,0.27,0.31,6.0,752.0,-0.07327,0.017269999999999997,-0.00881,-0.01872,0.0819,0.2172,2/17/2017,135.720001,0.095824778
2387,24-Mar-17,126.0,AAPL,Put,0.38,-0.05,0.33,0.37,15.0,161.0,-0.08847999999999999,0.02035,-0.01021,-0.02006,0.09521,0.22327,2/17/2017,135.720001,0.095824778
2388,24-Mar-17,127.0,AAPL,Put,0.45,-0.08,0.41,0.45,221.0,377.0,-0.11901,0.02457,-0.01428,-0.02412,0.09659,0.21364,2/17/2017,135.720001,0.095824778
2389,24-Mar-17,128.0,AAPL,Put,0.54,-0.13,0.51,0.55,20.0,425.0,-0.14238,0.028630000000000006,-0.01738,-0.02637,0.09752,0.1965,2/17/2017,135.720001,0.095824778
2390,24-Mar-17,129.0,AAPL,Put,0.66,-0.14,0.63,0.67,83.0,360.0,-0.15198,0.0331,-0.0186,-0.0248,0.09753,0.19309,2/17/2017,135.720001,0.095824778
2391,24-Mar-17,131.0,AAPL,Put,1.09,-0.11,0.97,1.02,33.0,389.0,-0.22196,0.04431,-0.02392,-0.03297,0.14194,0.19395,2/17/2017,135.720001,0.095824778
2392,24-Mar-17,132.0,AAPL,Put,1.26,-0.21,1.2,1.25,38.0,509.0,-0.27786,0.04693,-0.03082,-0.03597,0.15391,0.18958,2/17/2017,135.720001,0.095824778
2393,24-Mar-17,133.0,AAPL,Put,1.57,-0.25,1.49,1.54,15.0,296.0,-0.3321,0.04925,-0.03812,-0.039,0.15647,0.1922,2/17/2017,135.720001,0.095824778
2394,24-Mar-17,134.0,AAPL,Put,1.86,-0.4,1.83,1.89,28.0,161.0,-0.38054,0.05321,-0.04298,-0.04011,0.1587,0.14459,2/17/2017,135.720001,0.095824778
2395,24-Mar-17,135.0,AAPL,Put,2.33,-0.28,2.23,2.3,476.0,144.0,-0.42423,0.06785,-0.044660000000000005,-0.03403,0.16033,0.16118,2/17/2017,135.720001,0.095824778
2396,24-Mar-17,136.0,AAPL,Put,2.79,-0.38,2.69,2.78,7.0,60.0,-0.48943,0.06537000000000001,-0.04755,-0.03707,0.1634,0.18199,2/17/2017,135.720001,0.095824778
2397,24-Mar-17,137.0,AAPL,Put,3.51,-0.24,3.2,3.35,38.0,10.0,-0.54084,0.05684,-0.0535,-0.03995,0.16469,0.15404,2/17/2017,135.720001,0.095824778
2398,21-Apr-17,125.0,AAPL,Call,11.53,0.29,11.4,11.8,698.0,32606.0,0.95416,0.01327,0.20273,-0.02446,0.04747,0.06526,2/17/2017,135.720001,0.1724846
2399,21-Apr-17,130.0,AAPL,Call,7.4,0.05,7.35,7.45,760.0,63018.0,0.82053,0.03522,0.17949,-0.035,0.12709,0.1442,2/17/2017,135.720001,0.1724846
2400,21-Apr-17,135.0,AAPL,Call,4.08,0.04,4.1,4.2,1581.0,44560.0,0.58914,0.04473,0.13074000000000002,-0.04502,0.21406,0.12835,2/17/2017,135.720001,0.1724846
2401,21-Apr-17,140.0,AAPL,Call,1.96,0.01,1.97,1.99,2503.0,28541.0,0.34427,0.05072,0.07866000000000001,-0.03281,0.23766,0.14627,2/17/2017,135.720001,0.1724846
2402,21-Apr-17,140.0,AAPL,Call,1.96,0.01,1.97,1.99,2503.0,28541.0,0.34427,0.05072,0.07866000000000001,-0.03281,0.23766,0.14627,2/17/2017,135.720001,1.916495551
2403,18-Jan-19,140.0,AAPL,Call,15.89,0.32,15.85,16.25,1269.0,14860.0,0.64512,0.01184,1.36187,-0.02101,0.6864,0.14627,2/17/2017,135.720001,0.1724846
2404,18-Jan-19,140.0,AAPL,Call,15.89,0.32,15.85,16.25,1269.0,14860.0,0.64512,0.01184,1.36187,-0.02101,0.6864,0.14627,2/17/2017,135.720001,1.916495551
2405,21-Apr-17,145.0,AAPL,Call,0.82,-0.05,0.83,0.86,738.0,11445.0,0.20946,0.03103,0.04773,-0.02819,0.16735,0.17752,2/17/2017,135.720001,0.1724846
2406,21-Apr-17,125.0,AAPL,Put,0.68,-0.09,0.66,0.7,1504.0,13409.0,-0.13055999999999998,0.01963,-0.02887,-0.01842,0.12562,0.16314,2/17/2017,135.720001,0.1724846
2407,21-Apr-17,130.0,AAPL,Put,1.52,-0.2,1.5,1.55,1799.0,14673.0,-0.23785,0.03324,-0.04669,-0.02424,0.19954,0.17010999999999998,2/17/2017,135.720001,0.1724846
2408,21-Apr-17,135.0,AAPL,Put,3.25,-0.25,3.2,3.3,562.0,22918.0,-0.42976,0.04641,-0.07904,-0.02762,0.21516,0.15269000000000002,2/17/2017,135.720001,0.1724846
2409,21-Apr-17,140.0,AAPL,Put,6.18,-0.27,6.0,6.15,77.0,8636.0,-0.62205,0.03891,-0.10682,-0.02812,0.223,0.21242,2/17/2017,135.720001,0.1724846
2410,19-May-17,125.0,AAPL,Call,12.45,0.25,12.4,12.55,121.0,9548.0,0.92933,0.01549,0.28322,-0.02523,0.13335999999999998,0.12750999999999998,2/17/2017,135.720001,0.249144422
2411,19-May-17,130.0,AAPL,Call,8.45,-0.07,8.6,8.75,108.0,10601.0,0.7426699999999999,0.02721,0.22879,-0.03881,0.23846,0.1667,2/17/2017,135.720001,0.249144422
2412,19-May-17,135.0,AAPL,Call,5.53,-0.01,5.55,5.7,417.0,13437.0,0.60013,0.038860000000000006,0.19095,-0.03812,0.25544,0.15034,2/17/2017,135.720001,0.249144422
2413,19-May-17,140.0,AAPL,Call,3.35,0.05,3.3,3.4,386.0,18005.0,0.43332,0.03237,0.13808,-0.03873,0.27557,0.1922,2/17/2017,135.720001,0.249144422
2414,19-May-17,130.0,AAPL,Put,3.05,-0.14,2.96,3.0,143.0,5853.0,-0.31798000000000004,0.0222,-0.09925,-0.03127,0.24695,0.21872,2/17/2017,135.720001,0.249144422
2415,19-May-17,130.0,AAPL,Put,3.05,-0.14,2.96,3.0,143.0,5853.0,-0.31798000000000004,0.0222,-0.09925,-0.03127,0.24695,0.21872,2/17/2017,135.720001,0.325804244
2416,16-Jun-17,130.0,AAPL,Put,3.65,-0.18,3.6,3.7,1667.0,9816.0,-0.32713000000000003,0.01981,-0.13089,-0.02682,0.28178000000000003,0.21872,2/17/2017,135.720001,0.249144422
2417,16-Jun-17,130.0,AAPL,Put,3.65,-0.18,3.6,3.7,1667.0,9816.0,-0.32713000000000003,0.01981,-0.13089,-0.02682,0.28178000000000003,0.21872,2/17/2017,135.720001,0.325804244
2418,19-May-17,135.0,AAPL,Put,5.01,-0.24,4.95,5.05,113.0,3238.0,-0.43336,0.03186,-0.11568,-0.02816,0.25879,0.18913,2/17/2017,135.720001,0.249144422
2419,19-May-17,140.0,AAPL,Put,7.81,-0.39,7.7,7.9,27.0,2045.0,-0.5567300000000001,0.02565,-0.14704,-0.03155,0.27023,0.24997,2/17/2017,135.720001,0.249144422
2420,19-May-17,140.0,AAPL,Put,7.81,-0.39,7.7,7.9,27.0,2045.0,-0.5567300000000001,0.02565,-0.14704,-0.03155,0.27023,0.24997,2/17/2017,135.720001,0.325804244
2421,16-Jun-17,140.0,AAPL,Put,8.55,-0.25,8.35,8.5,84.0,2061.0,-0.55423,0.0267,-0.18214,-0.022580000000000003,0.30761,0.24997,2/17/2017,135.720001,0.249144422
2422,16-Jun-17,140.0,AAPL,Put,8.55,-0.25,8.35,8.5,84.0,2061.0,-0.55423,0.0267,-0.18214,-0.022580000000000003,0.30761,0.24997,2/17/2017,135.720001,0.325804244
2423,16-Jun-17,125.0,AAPL,Call,12.73,0.09,12.85,13.0,149.0,26082.0,0.95591,0.01218,0.38098,-0.0216,0.06873,0.12905,2/17/2017,135.720001,0.325804244
2424,16-Jun-17,130.0,AAPL,Call,9.2,0.16,9.25,9.35,144.0,19889.0,0.73387,0.02462,0.29279,-0.03517,0.27056,0.15533,2/17/2017,135.720001,0.325804244
2425,16-Jun-17,135.0,AAPL,Call,6.26,0.11,6.25,6.3,418.0,21877.0,0.60082,0.0305,0.24547,-0.0374,0.29173000000000004,0.14898,2/17/2017,135.720001,0.325804244
2426,16-Jun-17,140.0,AAPL,Call,4.0,0.05,3.95,4.05,512.0,12437.0,0.45987,0.0289,0.18974,-0.03532,0.31388,0.16839,2/17/2017,135.720001,0.325804244
2427,16-Jun-17,145.0,AAPL,Call,2.36,-0.01,2.39,2.45,592.0,6931.0,0.29435,0.03,0.12539,-0.02589,0.231,0.17693,2/17/2017,135.720001,0.325804244
2428,16-Jun-17,145.0,AAPL,Call,2.36,-0.01,2.39,2.45,592.0,6931.0,0.29435,0.03,0.12539,-0.02589,0.231,0.17693,2/17/2017,135.720001,1.916495551
2429,16-Jun-17,125.0,AAPL,Put,2.28,-0.11,2.19,2.25,424.0,6119.0,-0.1996,0.01823,-0.07381,-0.01971,0.22218,0.24998,2/17/2017,135.720001,0.325804244
2430,16-Jun-17,135.0,AAPL,Put,5.77,-0.23,5.6,5.75,206.0,2489.0,-0.43228,0.02422,-0.1519,-0.0284,0.29569,0.22235,2/17/2017,135.720001,0.325804244
2431,21-Jul-17,125.0,AAPL,Call,13.55,0.29,13.55,13.7,61.0,6594.0,0.91729,0.01525,0.46807,-0.0227,0.15822,0.11668,2/17/2017,135.720001,0.421629021
2432,21-Jul-17,130.0,AAPL,Call,10.1,0.25,10.05,10.25,53.0,14006.0,0.77641,0.026,0.4047,-0.027860000000000003,0.28986,0.14627,2/17/2017,135.720001,0.421629021
2433,21-Jul-17,130.0,AAPL,Call,10.1,0.25,10.05,10.25,53.0,14006.0,0.77641,0.026,0.4047,-0.027860000000000003,0.28986,0.14627,2/17/2017,135.720001,0.670773443
2434,20-Oct-17,130.0,AAPL,Call,12.56,0.12,12.5,12.7,266.0,6693.0,0.72845,0.01845,0.57821,-0.02735,0.37566,0.14627,2/17/2017,135.720001,0.421629021
2435,20-Oct-17,130.0,AAPL,Call,12.56,0.12,12.5,12.7,266.0,6693.0,0.72845,0.01845,0.57821,-0.02735,0.37566,0.14627,2/17/2017,135.720001,0.670773443
2436,21-Jul-17,135.0,AAPL,Call,7.14,0.04,7.15,7.25,413.0,19069.0,0.62387,0.03198,0.33169,-0.03042,0.32639,0.15097,2/17/2017,135.720001,0.421629021
2437,21-Jul-17,140.0,AAPL,Call,4.92,0.09,4.9,5.0,354.0,17988.0,0.48544,0.02572,0.2562,-0.032510000000000004,0.35506,0.14655,2/17/2017,135.720001,0.421629021
2438,21-Jul-17,145.0,AAPL,Call,3.2,0.05,3.15,3.25,5209.0,7942.0,0.32487,0.029480000000000006,0.17859,-0.02402,0.26409,0.19166,2/17/2017,135.720001,0.421629021
2439,21-Jul-17,125.0,AAPL,Put,2.91,-0.14,2.87,2.92,170.0,3767.0,-0.22019,0.01681,-0.10931,-0.0173,0.2974,0.24999,2/17/2017,135.720001,0.421629021
2440,21-Jul-17,130.0,AAPL,Put,4.5,-0.15,4.4,4.5,112.0,7304.0,-0.31878,0.01995,-0.16166,-0.01914,0.31611,0.24997,2/17/2017,135.720001,0.421629021
2441,21-Jul-17,135.0,AAPL,Put,6.56,-0.24,6.45,6.6,145.0,2306.0,-0.42598,0.02424,-0.18884,-0.02073,0.33324000000000004,0.20447,2/17/2017,135.720001,0.421629021
2442,21-Jul-17,140.0,AAPL,Put,9.35,-0.17,9.15,9.3,27.0,883.0,-0.52013,0.02016,-0.23296,-0.02363,0.34613,0.25388,2/17/2017,135.720001,0.421629021
2443,20-Oct-17,125.0,AAPL,Call,15.6,0.06,15.65,15.85,34.0,3524.0,0.8891399999999999,0.01514,0.70792,-0.02195,0.19591,0.15053,2/17/2017,135.720001,0.670773443
2444,20-Oct-17,135.0,AAPL,Call,9.8,0.15,9.8,9.9,746.0,8546.0,0.63395,0.02188,0.5161100000000001,-0.02854,0.4076,0.17752,2/17/2017,135.720001,0.670773443
2445,20-Oct-17,135.0,AAPL,Call,9.8,0.15,9.8,9.9,746.0,8546.0,0.63395,0.02188,0.5161100000000001,-0.02854,0.4076,0.17752,2/17/2017,135.720001,1.32238193
2446,15-Jun-18,135.0,AAPL,Call,14.6,0.2,14.6,14.85,38.0,400.0,0.69996,0.01795,1.09506,-0.02158,0.5293399999999999,0.17752,2/17/2017,135.720001,0.670773443
2447,15-Jun-18,135.0,AAPL,Call,14.6,0.2,14.6,14.85,38.0,400.0,0.69996,0.01795,1.09506,-0.02158,0.5293399999999999,0.17752,2/17/2017,135.720001,1.32238193
2448,20-Oct-17,140.0,AAPL,Call,7.44,0.06,7.4,7.55,312.0,24987.0,0.52894,0.02257,0.43758,-0.02662,0.44323,0.17094,2/17/2017,135.720001,0.670773443
2449,20-Oct-17,145.0,AAPL,Call,5.55,0.1,5.5,5.6,562.0,15094.0,0.44892,0.0181,0.3658,-0.02876,0.46507,0.1821,2/17/2017,135.720001,0.670773443
2450,20-Oct-17,125.0,AAPL,Put,5.3,-0.07,5.15,5.3,19.0,4767.0,-0.28196,0.01178,-0.2402,-0.01822,0.38392,0.24389,2/17/2017,135.720001,0.670773443
2451,20-Oct-17,130.0,AAPL,Put,7.15,-0.15,7.0,7.1,159.0,3868.0,-0.33685,0.01513,-0.26667,-0.0165,0.39873,0.23299,2/17/2017,135.720001,0.670773443
2452,20-Oct-17,135.0,AAPL,Put,9.4,-0.15,9.25,9.3,77.0,6340.0,-0.41599,0.01907,-0.27359,-0.01544,0.41492,0.24999,2/17/2017,135.720001,0.670773443
2453,20-Oct-17,140.0,AAPL,Put,12.15,-0.05,11.85,12.0,34.0,1279.0,-0.49478,0.01728,-0.34204,-0.016919999999999998,0.4345600000000001,0.24353,2/17/2017,135.720001,0.670773443
2454,20-Oct-17,145.0,AAPL,Put,15.06,-0.24,14.9,15.1,5.0,833.0,-0.55086,0.01505,-0.40195,-0.01885,0.44309,0.28021,2/17/2017,135.720001,0.670773443
2455,17-Nov-17,125.0,AAPL,Call,16.34,0.24,16.4,16.6,53.0,11483.0,0.83547,0.014769999999999997,0.7247100000000001,-0.02455,0.35105,0.12834,2/17/2017,135.720001,0.747433265
2456,17-Nov-17,130.0,AAPL,Call,13.3,0.05,13.35,13.5,39.0,26908.0,0.71736,0.016569999999999998,0.62405,-0.02757,0.39983,0.16326,2/17/2017,135.720001,0.747433265
2457,17-Nov-17,135.0,AAPL,Call,10.66,0.1,10.65,10.8,92.0,5526.0,0.63361,0.01912,0.56483,-0.02884,0.43024,0.16664,2/17/2017,135.720001,0.747433265
2458,17-Nov-17,140.0,AAPL,Call,8.3,0.06,8.3,8.4,67.0,13991.0,0.5435399999999999,0.01883,0.48894,-0.02799,0.4623100000000001,0.1588,2/17/2017,135.720001,0.747433265
2459,17-Nov-17,145.0,AAPL,Call,6.33,0.03,6.3,6.45,132.0,9931.0,0.46612,0.01685,0.41818,-0.028360000000000007,0.4876,0.19388,2/17/2017,135.720001,0.747433265
2460,17-Nov-17,125.0,AAPL,Put,6.2,-0.1,6.1,6.25,20.0,2371.0,-0.2862,0.01115,-0.27237,-0.01728,0.40458,0.24973,2/17/2017,135.720001,0.747433265
2461,17-Nov-17,130.0,AAPL,Put,8.2,-0.1,8.0,8.1,52.0,4323.0,-0.34715,0.01265,-0.3175,-0.01861,0.4232800000000001,0.2811,2/17/2017,135.720001,0.747433265
2462,17-Nov-17,135.0,AAPL,Put,10.4,-0.2,10.25,10.35,1.0,636.0,-0.41362,0.01598,-0.31125,-0.016640000000000002,0.44028,0.27962,2/17/2017,135.720001,0.747433265
2463,17-Nov-17,140.0,AAPL,Put,13.1,-0.1,12.9,13.05,52.0,325.0,-0.47676,0.0141,-0.39043,-0.01888,0.45468,0.28065,2/17/2017,135.720001,0.747433265
2464,17-Nov-17,145.0,AAPL,Put,16.1,-0.15,15.9,16.1,9.0,381.0,-0.55993,0.0165,-0.41567,-0.01458,0.46944,0.24974,2/17/2017,135.720001,0.747433265
2465,19-Jan-18,125.0,AAPL,Call,17.6,0.2,17.6,17.9,258.0,43805.0,0.8303,0.01363,0.8739100000000001,-0.02316,0.3817,0.16673,2/17/2017,135.720001,0.919917864
2466,19-Jan-18,130.0,AAPL,Call,14.56,0.11,14.45,14.75,224.0,60147.0,0.76503,0.01807,0.83321,-0.02293,0.41014,0.17752,2/17/2017,135.720001,0.919917864
2467,19-Jan-18,135.0,AAPL,Call,11.94,0.04,11.8,12.05,327.0,38499.0,0.647,0.01743,0.7004600000000001,-0.0267,0.47109,0.15533,2/17/2017,135.720001,0.919917864
2468,19-Jan-18,140.0,AAPL,Call,9.59,0.09,9.45,9.7,548.0,73588.0,0.56417,0.01725,0.6160899999999999,-0.02605,0.5077,0.16408,2/17/2017,135.720001,0.919917864
2469,19-Jan-18,145.0,AAPL,Call,7.5,0.05,7.45,7.65,360.0,15838.0,0.47857,0.01798,0.5335,-0.024030000000000003,0.54684,0.15564,2/17/2017,135.720001,0.919917864
2470,19-Jan-18,125.0,AAPL,Put,7.25,-0.18,7.25,7.35,206.0,12067.0,-0.27754,0.01131,-0.31424,-0.01278,0.44036,0.28021,2/17/2017,135.720001,0.919917864
2471,19-Jan-18,130.0,AAPL,Put,9.25,-0.2,9.15,9.3,161.0,14391.0,-0.33888,0.013030000000000002,-0.37215,-0.013669999999999998,0.46361,0.27685,2/17/2017,135.720001,0.919917864
2472,19-Jan-18,135.0,AAPL,Put,11.6,-0.15,11.45,11.6,562.0,11729.0,-0.4082,0.01437,-0.38259,-0.01476,0.48193,0.24989,2/17/2017,135.720001,0.919917864
2473,19-Jan-18,140.0,AAPL,Put,14.25,-0.05,14.0,14.2,81.0,12293.0,-0.46555,0.01308,-0.4605,-0.01626,0.5023,0.27984000000000003,2/17/2017,135.720001,0.919917864
2474,19-Jan-18,145.0,AAPL,Put,17.18,-0.07,16.95,17.15,22.0,1847.0,-0.52262,0.01321,-0.51867,-0.01534,0.51562,0.28086,2/17/2017,135.720001,0.919917864
2475,15-Jun-18,130.0,AAPL,Call,17.2,0.2,17.05,17.45,2.0,357.0,0.7683300000000001,0.01471,1.16395,-0.02121,0.47872,0.16003,2/17/2017,135.720001,1.32238193
2476,15-Jun-18,140.0,AAPL,Call,12.35,0.15,12.25,12.5,13.0,724.0,0.6038100000000001,0.0153,0.92761,-0.02268,0.5937,0.15292,2/17/2017,135.720001,1.32238193
2477,15-Jun-18,145.0,AAPL,Call,10.2,0.05,10.15,10.4,1.0,620.0,0.52795,0.01651,0.8315299999999999,-0.02105,0.64654,0.15157,2/17/2017,135.720001,1.32238193
2478,15-Jun-18,130.0,AAPL,Put,12.15,-0.12,11.95,12.2,51.0,127.0,-0.33847,0.0106,-0.5070399999999999,-0.01128,0.54861,0.26442,2/17/2017,135.720001,1.32238193
2479,15-Jun-18,135.0,AAPL,Put,14.52,-0.03,14.25,14.5,7.0,171.0,-0.39565,0.01116,-0.55601,-0.01279,0.57155,0.25589,2/17/2017,135.720001,1.32238193
2480,15-Jun-18,140.0,AAPL,Put,17.15,-0.05,16.8,17.2,5.0,676.0,-0.43949,0.01048,-0.62915,-0.01369,0.59372,0.29491,2/17/2017,135.720001,1.32238193
2481,18-Jan-19,125.0,AAPL,Call,23.31,0.37,22.4,23.7,26.0,5461.0,0.87841,0.00993,1.8432,-0.01838,0.42789,0.10181,2/17/2017,135.720001,1.916495551
2482,18-Jan-19,130.0,AAPL,Call,20.59,0.14,20.4,21.15,44.0,5828.0,0.79471,0.01225,1.6896099999999998,-0.01919,0.5338,0.12392,2/17/2017,135.720001,1.916495551
2483,18-Jan-19,135.0,AAPL,Call,18.08,0.16,17.55,18.5,38.0,4190.0,0.7087,0.01224,1.49823,-0.020880000000000003,0.62716,0.12691,2/17/2017,135.720001,1.916495551
2484,18-Jan-19,125.0,AAPL,Put,13.39,0.27,12.75,13.3,13.0,750.0,-0.29695,0.00692,-0.71988,-0.01035,0.62685,0.3111,2/17/2017,135.720001,1.916495551
2485,18-Jan-19,130.0,AAPL,Put,15.55,0.17,15.0,15.4,447.0,1095.0,-0.33502,0.00837,-0.71621,-0.0096,0.6484,0.28053,2/17/2017,135.720001,1.916495551
2486,18-Jan-19,135.0,AAPL,Put,17.86,0.04,17.3,18.2,23.0,1061.0,-0.37834,0.0086,-0.78725,-0.0109,0.6761699999999999,0.29386,2/17/2017,135.720001,1.916495551
2487,18-Jan-19,140.0,AAPL,Put,20.37,-0.13,19.8,20.6,2.0,957.0,-0.41716,0.00901,-0.88431,-0.01016,0.69535,0.30947,2/17/2017,135.720001,1.916495551
